id,Synthesizable,Material ID,Formula,Crystal System,Space Group Symbol,Space Group Number,Sites,Energy Above Hull,Formation Energy,Predicted Stable,Volume,Density,Band Gap,Is Gap Direct,Is Metal,Magnetic Ordering,Total Magnetization,"Bulk Modulus, Voigt","Bulk Modulus, Reuss","Bulk Modulus, VRH","Shear Modulus, Voigt","Shear Modulus, Reuss","Shear Modulus, VRH",Elastic Anisotropy,Weighted Surface Energy,Surface Anisotropy,Shape Factor,Work Function,Piezoelectric Modulus,Total Dielectric Constant,Ionic Dielectric Constant,Static Dielectric Constant
0,False,mp-9583,K2ZnF4,Tetragonal,I4/mmm,139,7,0.0,-2.8560153146428573,True,106.65298266178148,3.4190611715510717,4.3016000000000005,False,False,NM,0.0,,,,,,,0.154,,,,,,9.05645102651173,6.910176199845064,
1,False,mp-22988,CsGeCl3,Trigonal,R3m,160,5,0.0,-1.7120592189310344,True,162.92527551742106,3.17893909205653,2.1534999999999997,False,False,NM,0.0,,,,,,,,,,,,0.6347444111609024,13.315891726699382,9.673661893366047,
2,False,mp-22867,RbBr,Cubic,Fm-3m,225,2,0.0,-2.07054547875,True,82.55292826433187,3.326427543971318,4.192,True,False,NM,1e-07,,,,,,,,,,,,,5.691667823333859,3.23887136000056,
3,False,mp-3924,LiNbO2,Hexagonal,P6_3/mmc,194,8,0.0,-2.684231572083335,True,77.26563847183948,5.667091788849184,1.5794999999999995,True,False,NM,0.0,,,,,,,1.257,,,,,,16.462366106675475,7.7658959800088105,
4,False,mp-22935,CsBrF,Tetragonal,I4/mmm,139,6,0.0,-1.9941986391666664,True,185.1790205601262,4.157339186415229,2.5061999999999998,False,False,NM,0.0,,,,,,,0.989,,,,,,10.88330038,8.07803989,
5,False,mp-13313,ScTlSe2,Trigonal,R-3m,166,4,0.0,-1.4527441607812506,True,104.88475063809506,6.4477421898270135,0.6146000000000003,False,False,NM,0.0,,,,,,,0.637,,,,,,30.85772156660668,21.006009369940013,
6,False,mp-23406,Cs2PtCl6,Cubic,Fm-3m,225,9,0.0,-1.4350105061111107,True,276.2738925538895,4.048737765938499,2.1146,True,False,NM,0.0,,,,,,,0.176,,,,,,7.052707926644405,4.1487753866444095,
7,False,mp-9564,Ca(MgAs)2,Trigonal,P-3m1,164,5,0.0,-0.9256247850000004,True,116.81208386477462,3.390833919729612,1.2605000000000004,False,False,NM,0.0,,,,,,,0.038,,,,,,16.28298306666581,7.204055576665812,
8,False,mp-30530,TlClO4,Cubic,F-43m,216,6,0.0,-0.6969306155555556,True,106.77091611134301,4.725332319723705,4.5706999999999995,False,False,NM,0.0,,,,,,,0.055,,,,,0.19666059025361932,21.90329689092467,19.39205078759134,
9,False,mp-856,SnO2,Tetragonal,P4_2/mnm,136,6,0.0,-1.8877848549999996,True,72.82143907393863,6.873191556302777,0.6519000000000004,True,False,NM,0.0,,,,,,,1.324,,,,,,11.705691705441614,7.265501617387417,
10,False,mp-7650,RbScO2,Hexagonal,P6_3/mmc,194,8,0.0,-2.9984250818749993,True,117.66145104830382,4.584490911311013,3.4523999999999995,False,False,NM,0.0,,,,,,,0.744,,,,,,20.918403660007893,16.869602790007892,
11,False,mp-6951,RbCdF3,Cubic,Pm-3m,221,5,0.0,-2.6983335869999983,True,86.64313367399816,4.884729257302883,3.1745,False,False,NM,0.0,,,,,,,0.712,,,,,,15.10409181333334,12.718927813333337,
12,False,mp-9517,SrTiN2,Tetragonal,P4/nmm,129,8,0.0,-1.6085305922916664,True,116.53294840462976,4.659605807998935,0.7925999999999997,True,False,NM,0.0,,,,,,,1.999,,,,,,30.200322269999997,21.463289779999997,
13,False,mp-14437,RbYO2,Trigonal,R-3m,166,4,0.0,-3.009831380624999,True,68.31753354294207,5.016128330797426,3.6087,False,False,NM,0.0,,,,,,,,,,,,,17.52665504666739,13.848464473334056,
14,False,mp-28872,RbBrO3,Trigonal,R3m,160,5,0.0,-1.0671591279999988,True,88.91758517584954,3.984692341112679,3.9953,True,False,NM,0.0,,,,,,,0.83,,,,,0.6190369200960726,6.948557916750322,4.236301460083655,
15,False,mp-643101,Rb2H6Pt,Cubic,Fm-3m,225,9,0.0,-0.37952648472222195,True,154.70423241973018,3.993634677982106,4.063000000000001,False,False,NM,0.0,,,,,,,0.006,,,,,,5.76454158333333,3.0910770833333334,
16,False,mp-28166,K3BrO,Cubic,Pm-3m,221,5,0.0,-1.5801354038500004,True,139.8196942845503,2.532004578426728,0.8913,True,False,NM,0.0,,,,,,,0.285,,,,,,15.679418676666666,12.670518156666667,
17,False,mp-20731,In2HgSe4,Tetragonal,I-4,82,7,0.0,-0.5871472219642848,True,206.27363101993924,6.005962725997882,0.6337000000000002,True,False,NM,0.0,,,,,,,0.831,,,,,0.20686949364273116,14.08771648,5.4174608766666665,
18,False,mp-1006888,KYS2,Trigonal,R-3m,166,4,0.0,-2.1730211298437485,True,103.6153162731448,3.079141902746625,2.3221,False,False,NM,0.0,,,,,,,,,,,,,12.490973619999998,7.700704413333334,
19,False,mp-1080135,SrZnAsF,Tetragonal,P4/nmm,129,8,0.0,-2.0043485200000006,True,158.31411441929237,5.180441033646168,0.6936,True,False,NM,0.0004645,,,,,,,,,,,,,18.610752439999995,10.883433629999997,
20,False,mp-7077,KAuS,Orthorhombic,Cmcm,63,6,0.0,-0.8775541588541671,True,166.1357359771586,5.359956059761335,2.1003000000000003,False,False,NM,0.0,,,,,,,2.596,,,,,,13.630562453309501,9.290914269976168,
21,False,mp-9307,Ba2ZnN2,Tetragonal,I4/mmm,139,5,0.0,-0.5671855279999981,True,114.33935544170629,5.345536883012247,0.4771000000000001,False,False,NM,0.0,,,,,,,0.938,,,,,,33.1697808400362,25.78461929336954,
22,False,mp-22981,TlIO3,Trigonal,R3m,160,5,0.0,-0.976436957166667,True,91.31995051891965,6.896840909564332,2.7632999999999996,False,False,NM,0.0,,,,,,,,,,,,1.6244821877139803,39.01517699002563,34.56112155669231,
23,False,mp-10226,NaYS2,Trigonal,R-3m,166,4,0.0,-2.13481260890625,True,90.34813763353296,3.2352345625817436,2.2634999999999996,False,False,NM,0.0,,,,,,,,,,,,,14.119499533350803,8.973518740017466,
24,False,mp-1018138,VI2,Trigonal,P-3m1,164,3,0.0,-0.7749341766666676,True,104.47009083830956,4.8439702418442705,1.0370000000000004,False,False,FM,2.9999995,,,,,,,,,,,,,5.667067243598072,0.6914785922300218,
25,False,mp-22956,K2PdCl4,Tetragonal,P4/mmm,123,7,0.0,-1.5471529710714285,True,204.04052077882238,2.6565676302263412,1.4279000000000002,False,False,NM,0.0,,,,,,,0.52,,,,,,15.156109376666668,11.809135323333331,
26,False,mp-8963,Cs2HgF4,Tetragonal,I4/mmm,139,7,0.0,-2.443616337401481,True,156.8510486373695,5.7421821030104345,2.0818,False,False,NM,0.0,,,,,,,0.365,,,,,,12.745862409838702,10.083675463172037,
27,False,mp-28554,Ca2AsI,Trigonal,R-3m,166,4,0.0,-1.5130024593750004,True,124.72406056853306,3.7542254572320246,1.5566,False,False,NM,0.0,,,,,,,,,,,,,13.479851653985527,7.241409683985527,
28,False,mp-21855,VCu3Se4,Cubic,P-43m,215,8,0.0,-0.5719401107812505,True,173.29038260089234,5.341420812523915,0.8164000000000002,False,False,NM,0.0,,,,,,,0.226,,,,,0.16232999999999997,8.95057231333333,0.7428640233333331,
29,False,mp-9567,Ba(MgSb)2,Trigonal,P-3m1,164,5,0.0,-0.8334507839999983,True,163.63463549492457,4.358063461124373,0.8466,False,False,NM,0.0,,,,,,,0.354,,,,,,17.36573706000025,6.706028336666916,
30,False,mp-7128,Cd(AsO3)2,Trigonal,P-31m,162,9,0.0,-1.6938039988888833,True,99.84185127009457,5.958314167508589,1.9348999999999998,False,False,NM,0.0,,,,,,,,,,,,,11.72227550666657,7.512237699999903,
31,False,mp-23862,BaHI,Tetragonal,P4/nmm,129,6,0.0,-1.4162914337499972,True,177.91030492741652,4.951263531211693,2.8110999999999997,True,False,NM,0.0,,,,,,,,,,,,,10.65411397,6.2134358700000005,
32,False,mp-1266,Na2Se,Cubic,Fm-3m,225,3,0.0,-1.2695772096875,True,77.2135617348962,2.686924163065691,2.0153,True,False,NM,0.0,,,,,,,0.003,,,,,,7.5210376107252115,3.560668923350958,
33,False,mp-505297,NbSbRu,Cubic,F-43m,216,3,0.0,-0.5156329949999995,True,58.88361462561361,8.903879238228733,0.37729999999999997,False,False,NM,0.0,,,,,,,0.001,,,,,1.413830096762829,38.0304117810675,15.195512034401062,
34,False,mp-1079896,Ca2H6Ru,Cubic,Fm-3m,225,9,0.0,-0.7098598275000003,True,93.0545451682951,3.3418592805108642,2.4473,False,False,NM,0.0,,,,,,,,,,,,,12.003317099999997,7.363791789999994,
35,False,mp-28306,MnBr2,Trigonal,P-3m1,164,3,0.0,-1.3630818781609193,True,84.15411109132559,4.237394852087011,1.5962,False,False,FM,4.9999999,,,,,,,11.826,,,,,,8.25819147891776,4.596945958917786,
36,False,mp-661,AlN,Hexagonal,P6_3mc,186,4,0.0,-1.6796721718749996,True,42.52728307818043,3.200889713142437,4.0467,True,False,NM,0.0,,,,,,,0.04,,,,,1.6756785281491275,8.731928620001746,4.18939553333508,
37,False,mp-540584,K2PdO2,Orthorhombic,Immm,71,5,0.0,-1.2871616979000002,True,80.73303568886419,4.455404544843594,1.3697,False,False,NM,0.0,,,,,,,13.682,,,,,,10.125044039985378,5.8397257999853815,
38,False,mp-28233,MnCl2,Trigonal,R-3m,166,3,0.0,-1.5831389131609204,True,71.61195211117794,2.918073685479806,1.7925999999999997,False,False,FM,5.0,,,,,,,-154.521,,,,,,7.6993976099482415,4.521476709950162,
39,False,mp-1079647,BaAgSeF,Tetragonal,P4/nmm,129,8,0.0,-2.263657034127604,True,185.53016604624426,6.142612558392519,1.2692999999999999,True,False,NM,1.69e-05,,,,,,,,,,,,,16.462630326666666,10.902215896666663,
40,False,mp-20194,CeO2,Cubic,Fm-3m,225,3,0.0,-3.760158946666666,True,40.85964149792201,6.994759103664203,1.8647,False,False,NM,0.0,,,,,,,0.792,,,,,,26.899613130149906,18.934994600149903,
41,False,mp-8176,RbTlO2,Trigonal,R-3m,166,4,0.0,-1.319761951458335,True,67.4393983447369,7.924808726782069,0.8461999999999996,False,False,NM,0.0,,,,,,,1.167,,,,,,15.388879156744045,10.08312477341071,
42,False,mp-27834,Tl2PtCl6,Cubic,Fm-3m,225,9,0.0,-1.1868572385185203,True,237.2769337619848,5.714605458527341,1.7373999999999998,False,False,NM,0.0,,,,,,,0.038,,,,,,39.26105061333291,35.269726309999626,
43,False,mp-863260,Sr(MgAs)2,Trigonal,P-3m1,164,5,0.0,-0.943659559000001,True,125.264240451145,3.792269228603565,1.3464000000000005,False,False,NM,0.0,,,,,,,0.055,,,,,,15.38564778161922,6.539297647427293,
44,False,mp-706,HgF,Tetragonal,I4/mmm,139,4,0.0,-1.3152547025000025,True,73.93821922628089,9.863237873500342,1.7704,False,False,NM,0.0,,,,,,,2.753,,,,,,19.904355738346087,15.455174728341165,
45,False,mp-27832,Tl2SnCl6,Cubic,Fm-3m,225,9,0.0,-1.43132709462963,True,251.3367043780097,4.8903404428259085,2.4814,False,False,NM,0.0,,,,,,,,,,,,,100.80336756976146,97.28151201309481,
46,False,mp-23162,ZrCl2,Trigonal,R3m,160,3,0.0,-1.8786056900000005,True,66.85297123118846,4.0270939931277,0.8479999999999999,False,False,NM,0.0,,,,,,,108.907,,,,,0.1624004246219638,8.948304933367377,0.33162042671276165,
47,False,mp-971787,VBr2,Trigonal,P-3m1,164,3,0.0,-1.264852166666668,True,81.1942137474866,4.310131989266904,1.1332,False,False,FM,2.9999998,,,,,,,,,,,,,5.058534349903588,0.9836229788953655,
48,False,mp-239,BaS3,Tetragonal,P-42_1m,113,8,0.0,-1.4335711593749987,True,203.75848204461352,3.80619643432229,1.3912999999999998,False,False,NM,0.0,,,,,,,0.545,,,,,0.41852,13.623316369999998,7.693502336666666,
49,False,mp-7929,Rb2PtS2,Orthorhombic,Immm,71,5,0.0,-1.1004859879999978,True,132.07559366202557,5.408116635918128,1.2521,False,False,NM,8e-07,,,,,,,,,,,,,9.639232136688296,4.351559126688315,
50,False,mp-1091384,NbTl3S4,Cubic,I-43m,217,8,0.0,-0.897040353750004,True,231.91603784571095,5.9737773623145145,2.4579999999999997,False,False,NM,0.0,,,,,,,,,,,,0.21719000000000008,22.18063718,15.541886560000004,
51,False,mp-1672,CaS,Cubic,Fm-3m,225,2,0.0,-2.4356079989062493,True,46.414057530527266,2.5810342007468723,2.3819,False,False,NM,0.0,,,,,,,0.191,,,,,,12.091625876473438,7.103290626469776,
52,False,mp-5840,LiScO2,Tetragonal,I4_1/amd,141,8,0.0,-3.342469784583333,True,81.21445464830744,3.4307219792216075,3.904,False,False,NM,0.0,,,,,,,1.287,,,,,,25.496257790004194,21.23963689333753,
53,False,mp-2667,CsAu,Cubic,Pm-3m,221,2,0.0,-0.3651830700000005,True,78.55971856017129,6.97259852405392,1.0232999999999999,False,False,NM,0.0,,,,,,,0.009,,,,,,10.205225480000003,5.214699086666666,
54,False,mp-22922,AgCl,Cubic,Fm-3m,225,2,0.0,-0.5684399337500015,True,42.630581348524416,5.582622712233539,0.9522000000000002,False,False,NM,0.0,,,,,,,0.242,,,,,,11.41491176275674,5.661743849423442,
55,False,mp-22897,HgCl,Tetragonal,I4/mmm,139,4,0.0,-0.6212518125000024,True,113.267339996862,6.920946901522058,2.7243000000000004,False,False,NM,0.0,,,,,,,3.559,,,,,,17.39865088673694,12.963808796730106,
56,False,mp-648,Na2S,Cubic,Fm-3m,225,3,0.0,-1.2689239159375003,True,68.60267970013784,1.8890808023843084,2.4399,True,False,NM,0.0,,,,,,,0.0,,,,,,7.035895999008646,3.5297027666300225,
57,False,mp-3980,LiSbF6,Trigonal,R-3,148,8,0.0,-2.8701325497916663,True,98.05621152520868,4.1098730660891665,4.933400000000001,True,False,NM,0.0,,,,,,,,,,,,,5.019051306670295,3.013704113336963,
58,False,mp-28145,Rb2PdCl6,Cubic,Fm-3m,225,9,0.0,-1.5750569105555552,True,245.20533574991225,3.3187954732734357,1.2868,False,False,NM,0.0,,,,,,,0.121,,,,,,7.1152349033395135,3.7091475966728793,
59,False,mp-1170,SnS2,Trigonal,P-3m1,164,3,0.0,-0.4733284918749992,True,72.82621589710445,4.169006438095262,1.5147999999999997,False,False,NM,0.0,,,,,,,56.147,,,,,,16.000249023170376,7.196048743170375,
60,False,mp-27839,K2TiCl6,Cubic,Fm-3m,225,9,0.0,-2.1796788586481477,True,235.94932487031517,2.384241116834958,2.0826000000000002,False,False,NM,0.0,,,,,,,0.477,,,,,,12.728901240012554,9.523399653345889,
61,False,mp-22232,TlInSe2,Tetragonal,I4/mcm,140,8,0.0,-0.6729150770312486,True,231.1600042795146,6.854806571114,0.7351000000000001,True,False,NM,0.0,,,,,,,0.724,,,,,,71.2519360634616,62.26481540679492,
62,False,mp-19178,CoAgO2,Hexagonal,P6_3/mmc,194,8,0.0,-1.0034648404166662,True,87.12125219781167,7.578299942146375,1.3319999999999999,False,False,NM,0.0,,,,,,,,,,,,,15.808172749738425,5.1740366030717615,
63,False,mp-2490,GaP,Cubic,F-43m,216,2,0.0,-0.5089161339880963,True,40.5058667192971,4.128066394428307,1.6038999999999999,False,False,NM,0.0,,,,,,,0.413,,,,,0.20018333333333302,12.826324879999992,2.266342740000003,
64,False,mp-690785,Na2H6Pt,Cubic,Fm-3m,225,9,0.0,-0.4371965336111114,True,95.61022224008332,4.291777136152494,3.6156,False,False,NM,0.0,,,,,,,0.003,,,,,,7.505325590000002,4.271561670000001,
65,False,mp-27831,Rb2ZrCl6,Cubic,Fm-3m,225,9,0.0,-2.3564902483333316,True,266.30422884710833,2.9610975765089154,3.5620000000000003,False,False,NM,0.0,,,,,,,0.009,,,,,,10.258460063318731,7.453198896652065,
66,False,mp-4495,KLiTe,Tetragonal,P4/nmm,129,6,0.0,-1.2092002040833336,True,180.18507341646608,3.2004298211832687,2.4134,True,False,NM,0.0,,,,,,,0.272,,,,,,8.858928223333331,4.36419797,
67,False,mp-23025,LaClO,Tetragonal,P4/nmm,129,6,0.0,-3.500921294166666,True,117.2875893291415,5.390112996230304,4.0688,True,False,NM,0.0,,,,,,,,,,,,,18.314599943333334,14.028884503333336,
68,False,mp-24066,SrHClO,Hexagonal,P6_3mc,186,8,0.0,-2.4574616921874997,True,152.70962180477073,3.0464207072686733,4.9798,False,False,NM,0.0,,,,,,,0.05,,,,,0.5343598947338847,7.082350483349171,4.349390140015839,
69,False,mp-2605,CaO,Cubic,Fm-3m,225,2,0.0,-3.2301091375000013,True,27.771067003632275,3.3530837486789946,3.6301000000000005,False,False,NM,0.0,,,,,,,0.001,,,,,,16.47135604666664,12.687349153333313,
70,False,mp-697096,Na2H4Pt,Tetragonal,I4/mmm,139,7,0.0,-0.45214413785714264,True,89.28112921195864,4.558525658122578,2.1188000000000002,False,False,NM,0.0,,,,,,,0.715,,,,,,7.323077346666665,3.8716199733333316,
71,False,mp-1224,HgO,Orthorhombic,Pnma,62,8,0.0,-0.36735301250000063,True,133.5742810249583,10.77019190675644,1.1867,False,False,NM,0.0,,,,,,,2.105,,,,,,9.627039593333334,4.078156486666667,
72,False,mp-7937,NaNbS2,Hexagonal,P6_3/mmc,194,8,0.0,-1.4532234603448293,True,143.95860343944022,4.153144678355541,0.6250999999999998,False,False,NM,0.0,,,,,,,0.187,,,,,,12.891051783333333,1.8181248933333334,
73,False,mp-7482,RbHgF3,Cubic,Pm-3m,221,5,0.0,-2.2311895254999996,True,94.14788543919498,6.050618361720007,0.6454,False,False,NM,0.0,,,,,,,1.328,,,,,,77.87951159666663,74.85621671666665,
74,False,mp-14088,Rb2PdF6,Cubic,Fm-3m,225,9,0.0,-2.4029879288888893,True,152.8630793482185,4.2511596404496155,2.2306,True,False,NM,0.0,,,,,,,0.072,,,,,,6.004070196656432,3.749583693323105,
75,False,mp-2507,GaS,Hexagonal,P6_3/mmc,194,8,0.0,-0.7637378176562493,True,179.0698300424525,3.7755762759368254,2.0036,False,False,NM,0.0,,,,,,,18.363,,,,,,7.5704950000180915,2.1699265666482757,
76,False,mp-10919,Rb2PtC2,Trigonal,P-3m1,164,5,0.0,-0.06206887999999822,True,131.62422791045643,4.920661859580624,1.1361999999999999,False,False,NM,0.0,,,,,,,14.16,,,,,,11.98203588665414,5.584943079987472,
77,False,mp-10401,Tl2SnF6,Trigonal,P-3m1,164,9,0.0,-2.4327135772222195,True,150.20652223587325,7.091443363853204,4.2962,False,False,NM,0.0,,,,,,,,,,,,,41.74780716000748,38.90717399667415,
78,False,mp-1873,ZnF2,Tetragonal,P4_2/mnm,136,6,0.0,-2.563096733333334,True,69.29227525209552,4.956090144702919,3.4592,True,False,NM,0.0,,,,,,,1.258,,,,,,8.135304316666666,5.58018398,
79,False,mp-1265,MgO,Cubic,Fm-3m,225,2,0.0,-2.9992433999999992,True,18.4427700910204,3.6289033819523207,4.4292,True,False,NM,0.0,,,,,,,0.222,,,,,,10.772051979999986,7.563689529999995,
80,False,mp-999472,NaLaSe2,Trigonal,R-3m,166,4,0.0,-1.9788056952667032,True,113.85744027075836,4.66430386679665,2.2767,False,False,NM,0.0,,,,,,,,,,,,,15.525753810607045,9.718202126937824,
81,False,mp-27827,Rb2TiCl6,Cubic,Fm-3m,225,9,0.0,-2.212138756481481,True,249.46613104063155,2.8723611151285438,2.1471,False,False,NM,0.0,,,,,,,0.631,,,,,,8.615160273335748,5.542046003335752,
82,False,mp-8658,CsNaSe,Tetragonal,P4/nmm,129,6,0.0,-1.2369334727927424,True,202.26983185938096,3.8560992134061216,2.027,False,False,NM,0.0,,,,,,,,,,,,,9.64843507,5.5545207633333336,
83,False,mp-555908,CoF2,Tetragonal,P4_2/mnm,136,6,0.0,-2.3432673450000006,True,68.98126085349506,4.6666602511698665,2.2721,True,False,FM,6.0000001,,,,,,,,,,,,,6.24132372,3.629668953333333,
84,False,mp-23859,CaHCl,Tetragonal,P4/nmm,129,6,0.0,-1.756460735416663,True,100.55348759773327,2.5279262414965396,3.8394000000000004,False,False,NM,0.0,,,,,,,,,,,,,10.950193953333333,7.183956723333334,
85,False,mp-5475,NaTaN2,Trigonal,R-3m,166,4,0.0,-1.1392969412083325,True,47.61947277386672,8.088367141260692,1.2764999999999995,False,False,NM,0.0,,,,,,,1.843,,,,,,18.270443166655962,9.356460066655957,
86,False,mp-980057,SrAlGeH,Trigonal,P3m1,156,4,0.0,-0.5452036390625001,True,78.27935264356545,3.993334167002414,0.7233999999999998,False,False,NM,0.0,,,,,,,,,,,,0.7680148161641188,20.155032146405418,6.575112434993937,
87,False,mp-865185,Mg(BeAs)2,Trigonal,P-3m1,164,5,0.0,-0.31167981199999983,True,79.58497655472777,4.009677000171609,0.40419999999999945,False,False,NM,0.0,,,,,,,0.945,,,,,,19.73860776127285,8.930713983709223,
88,False,mp-23205,MgI2,Trigonal,P-3m1,164,3,0.0,-1.337542468333334,True,108.32899783808094,4.263115800501802,3.6162000000000005,False,False,NM,0.0,,,,,,,25.147,,,,,,6.717243099989605,3.0439076566563545,
89,False,mp-9126,Sr(SbO3)2,Trigonal,P-31m,162,9,0.0,-2.3834026383333335,True,130.62700440571982,5.429785994049993,2.7881,False,False,NM,0.0,,,,,,,,,,,,,9.474081396669197,6.0202119600025314,
90,False,mp-23956,K2MgH4,Tetragonal,I4/mmm,139,7,0.0,-0.3358669620714281,True,108.90829911868055,1.6243280595483878,3.4385,False,False,NM,0.0,,,,,,,0.269,,,,,,8.119167503333335,4.965407743333333,
91,False,mp-697044,Ba2H6Os,Cubic,Fm-3m,225,9,0.0,-0.6372898274999999,True,132.4873939101363,5.902451266030814,1.9655,False,False,NM,0.0,,,,,,,0.448,,,,,,11.661519090000008,7.228618530000006,
92,False,mp-976876,K2PtC2,Trigonal,P-3m1,164,5,0.0,-0.08230360989999638,True,118.77412289190336,4.156474268621744,0.9937999999999998,False,False,NM,0.0,,,,,,,,,,,,,12.202544924657843,5.0986990239121734,
93,False,mp-8430,KLiS,Tetragonal,P4/nmm,129,6,0.0,-1.4257264944097219,True,129.05606955174886,2.0099053360282477,3.0571,False,False,NM,0.0,,,,,,,,,,,,,8.678865783333332,5.020763003333333,
94,False,mp-1960,Li2O,Cubic,Fm-3m,225,3,0.0,-2.060163674722222,True,25.196348792602333,1.969302476050398,4.8986,False,False,NM,0.0,,,,,,,0.246,,,,,,7.265160785943639,4.34341663814057,
95,False,mp-27850,TiNCl,Orthorhombic,Pmmn,59,6,0.0,-1.7723380209722233,True,104.2300896701422,3.1011157734723596,0.5636999999999999,True,False,NM,0.0,,,,,,,34.271,,,,,,59.432988446666656,50.86184670999999,
96,False,mp-8818,Ca2ZnN2,Tetragonal,I4/mmm,139,5,0.0,-0.8489588860000019,True,80.42332148235616,3.5839568548677283,0.7618,False,False,NM,0.0,,,,,,,0.913,,,,,,15.987299183341996,9.647170230008662,
97,False,mp-7375,KNbO3,Trigonal,R3m,160,5,0.0,-2.8495460499500007,True,66.42558683114699,4.4997993785183485,2.2934,False,False,NM,0.0,,,,,,,15.05,,,,,6.016268867731634,30.300251476620314,24.942609579953643,
98,False,mp-13907,CdSnF6,Trigonal,R-3,148,8,0.0,-2.602854664375001,True,118.38057395056195,4.840920894256644,3.8568,False,False,NM,0.0,,,,,,,12.172,,,,,,5.75129936000792,3.493199413341253,
99,False,mp-1182061,BaNaH6Ir,Cubic,F-43m,216,9,0.0,-0.6283374743199227,True,120.70774257359527,4.932893499378352,3.2230999999999996,False,False,NM,0.0,,,,,,,,,,,,0.67051,10.287398099999999,6.61466557,
100,False,mp-1017628,Mg(BeP)2,Trigonal,P-3m1,164,5,0.0,-0.46563951085714167,True,71.49090960442201,2.42206802550967,0.6341000000000001,False,False,NM,0.0,,,,,,,,,,,,,17.631624084550104,8.027222938498678,
101,False,mp-1519,CaTe,Cubic,Fm-3m,225,2,0.0,-1.9175140150000018,True,65.28162287945732,4.265149322704297,1.5535,False,False,NM,0.0,,,,,,,0.47,,,,,,12.958317703196242,6.366027223197281,
102,False,mp-6867,KCaCO3F,Hexagonal,P-6m2,187,7,0.0,-2.7890976928214286,True,104.10097123019982,2.52322384416863,4.3552,False,False,NM,9.1e-06,,,,,,,0.177,,,,,0.47755514784972847,8.75941260338554,6.366587050052207,
103,False,mp-2758,SrSe,Cubic,Fm-3m,225,2,0.0,-2.35255396453125,True,61.901185586472266,4.46861550539798,2.2313,False,False,NM,0.0,,,,,,,0.454,,,,,,11.88709855667446,6.70988282667471,
104,False,mp-27419,LiBiF6,Trigonal,R-3,148,8,0.0,-2.4961926610416665,True,103.53876603093516,5.291075848354186,2.5394,False,False,NM,0.0,,,,,,,,,,,,,5.986121286666092,3.5448149099994253,
105,False,mp-2530,Li2Te,Cubic,Fm-3m,225,3,0.0,-1.1780869244444439,True,69.09284373750016,3.4002998792940025,2.4914,False,False,NM,0.0,,,,,,,,,,,,,8.421271633550711,3.4538894602458328,
106,False,mp-1342,BaO,Cubic,Fm-3m,225,2,0.0,-2.82149134875,True,43.453575205003915,5.859229670745691,2.0906000000000002,True,False,NM,0.0,,,,,,,0.005,,,,,,70.37653824999985,66.11217573999987,
107,False,mp-8830,NaRhO2,Trigonal,R-3m,166,4,0.0,-1.3818822049999984,True,42.850923866535034,6.118637517373269,1.3773999999999997,False,False,NM,0.0,,,,,,,0.891,,,,,,10.992977716647657,4.069943226647655,
108,False,mp-557938,HfVF6,Cubic,Fm-3m,225,8,0.0,-3.705519998125,True,132.9766032890418,4.288465031091243,3.2213000000000003,False,False,FM,3.0000005,,,,,,,,,,,,,4.5226457266668865,2.345598280000219,
109,False,mp-2133,ZnO,Hexagonal,P6_3mc,186,4,0.0,-1.647445170000001,True,47.397148259900405,5.70421780686615,0.7227,True,False,NM,0.0,,,,,,,0.137,,,,,1.2856161854535995,10.835297913347347,5.444936760014014,
110,False,mp-3524,LiPN2,Tetragonal,I-42d,122,8,0.0,-1.0258484605357143,True,73.79256507501633,2.967136011028801,3.8015999999999996,False,False,NM,0.0,,,,,,,1.484,,,,,0.8083540274484837,9.367507066670433,5.129822686670432,
111,False,mp-999265,RbYS2,Trigonal,R-3m,166,4,0.0,-2.0911093881249982,True,109.65482276389511,3.6117392593341955,2.3166,False,False,NM,0.0,,,,,,,,,,,,,12.575476170000002,7.787520950000001,
112,False,mp-24424,BaHBr,Tetragonal,P4/nmm,129,6,0.0,-1.6903039070833301,True,155.06691263191078,4.674037543826062,3.2113,True,False,NM,0.0,,,,,,,,,,,,,9.962466869999998,6.06945173,
113,False,mp-757,Li3As,Hexagonal,P6_3/mmc,194,8,0.0,-0.8412325693750002,True,126.43290177520575,2.51497270858603,0.6364999999999998,False,False,NM,0.0,,,,,,,0.477,,,,,,12.087335060063209,4.5313747467261605,
114,False,mp-570935,LiI,Hexagonal,P6_3mc,186,4,0.0,-1.4476474966666668,True,130.39149697099566,3.4090510038684037,4.3818,True,False,NM,0.0,,,,,,,0.159,,,,,0.19352191271275165,5.0437373166332415,1.8992264666332421,
115,False,mp-3216,Li2ZrN2,Trigonal,P-3m1,164,5,0.0,-1.3622676031666672,True,50.574810329420224,4.370752214047623,1.5618999999999996,False,False,NM,0.0,,,,,,,0.384,,,,,,45.28750212610857,37.608682616108574,
116,False,mp-567636,VFeSb,Cubic,F-43m,216,3,0.0,-0.2752190966666663,True,47.62263842384987,7.969117301040473,0.3487,False,False,NM,0.0,,,,,,,0.6,,,,,3.6675253242326273,60.135848882293125,28.319641632293365,
117,False,mp-3637,YOF,Trigonal,R-3m,166,6,0.0,-4.2239134808333345,True,78.5640656927165,5.237683534296327,4.9203,True,False,NM,0.0,,,,,,,0.969,,,,,,14.682126420112505,11.277014350112507,
118,False,mp-3277,BAsO4,Tetragonal,I-4,82,6,0.0,-1.8355127075000002,True,68.7210826402776,3.6179995570108634,4.2615,False,False,NM,0.0,,,,,,,0.724,,,,,0.6215884318071642,5.79938843333377,2.7380540866671033,
119,False,mp-8399,CsCdF3,Cubic,Pm-3m,221,5,0.0,-2.6991608984999997,True,90.32609495079795,5.557644493354357,3.2859,False,False,NM,0.0,,,,,,,0.189,,,,,,10.106644990000005,7.516998700000005,
120,False,mp-23861,BaHCl,Tetragonal,P4/nmm,129,6,0.0,-1.8344769654166635,True,142.09689105309906,4.061759008732977,3.4827000000000004,True,False,NM,0.0,,,,,,,,,,,,,9.557431203333332,5.998281036666666,
121,False,mp-568968,K2SnHgSe4,Tetragonal,I-42m,121,8,0.0,-0.9497225364218753,True,242.20797196969772,4.890521489869918,1.4785000000000001,False,False,NM,7.82e-05,,,,,,,,,,,,0.17859499999999998,12.221540963333332,5.933846889999999,
122,False,mp-1018766,Li3LaAs2,Trigonal,P-3m1,164,6,0.0,-1.1968364383333328,True,115.10373448224671,4.466022360263992,0.5023,False,False,NM,0.0,,,,,,,,,,,,,30.337294719112275,17.530121940012425,
123,False,mp-441,Rb2Te,Cubic,Fm-3m,225,3,0.0,-1.1377736438888888,True,156.9269235634012,3.158986458882483,1.8766,False,False,NM,0.0,,,,,,,0.009,,,,,,6.234922376669604,2.793669680005698,
124,False,mp-1022,K2S,Cubic,Fm-3m,225,3,0.0,-1.2475660384375,True,101.87707708492104,1.79720207513612,2.3201,False,False,NM,0.0,,,,,,,0.127,,,,,,6.361371610202096,3.2656803835008237,
125,False,mp-7437,KZnP,Hexagonal,P6_3/mmc,194,6,0.0,-0.5765177672420639,True,145.09795638635967,3.1009616101885467,0.8395999999999999,True,False,NM,0.0,,,,,,,1.569,,,,,,13.049118390006024,4.530595783339359,
126,False,mp-1569,Be2C,Cubic,Fm-3m,225,3,0.0,-0.2313037858333331,True,20.218610784013585,2.466756874278714,1.1636999999999995,False,False,NM,0.0,,,,,,,0.124,,,,,,14.92169052674038,7.923078863409937,
127,False,mp-7921,MgPdF6,Trigonal,R-3,148,8,0.0,-2.4291073350000003,True,94.97931247981346,4.278400244972944,1.8285,True,False,NM,0.0,,,,,,,5.285,,,,,,5.555414606665494,2.4751078266654942,
128,False,mp-1315,MgS,Cubic,Fm-3m,225,2,0.0,-1.6615034487499991,True,35.33066670617066,2.6493863804696764,2.7574,False,False,NM,0.0,,,,,,,0.011,,,,,,16.01695245015448,10.61650754349801,
129,False,mp-7060,LaZnPO,Tetragonal,P4/nmm,129,8,0.0,-2.0650612155357146,True,146.62733461290037,5.691611744713422,0.6563000000000008,True,False,NM,0.0011104,,,,,,,,,,,,,26.946975613275274,17.864763286607516,
130,False,mp-9200,K3AuO,Cubic,Pm-3m,221,5,0.0,-0.8788591498499987,True,142.59546003697025,3.845922408760981,0.5612,False,False,NM,0.0,,,,,,,0.289,,,,,,13.98665650666667,9.031525066666669,
131,False,mp-28553,Ca2IN,Hexagonal,P6_3/mmc,194,8,0.0,-1.37090050625,True,183.04477558744142,4.0109385362090535,2.3484999999999996,False,False,NM,0.0,,,,,,,0.228,,,,,,15.47922975335201,9.804492966685343,
132,False,mp-10748,TaCu3S4,Cubic,P-43m,215,8,0.0,-0.8675523021666667,True,165.15806593774687,5.025571147896058,1.9231000000000003,False,False,NM,0.0,,,,,,,0.911,,,,,0.04197666666666669,6.368539509999998,0.30834686999999983,
133,False,mp-1479,BP,Cubic,F-43m,216,2,0.0,-0.4833042952380957,True,23.272944325085422,2.9813687825821957,1.2434999999999992,False,False,NM,0.0,,,,,,,0.126,,,,,0.01681635677245406,9.272071146925382,0.09672463692414623,
134,False,mp-23177,HgBr,Tetragonal,I4/mmm,139,4,0.0,-0.7310557787500027,True,126.95326347785603,7.337680531987949,2.2557,False,False,NM,0.0,,,,,,,5.482,,,,,,25.242835735313374,19.87223089196993,
135,False,mp-8756,KLiSe,Tetragonal,P4/nmm,129,6,0.0,-1.4194794098263894,True,146.04031586940903,2.8425879485670453,2.5249,False,False,NM,0.0,,,,,,,0.306,,,,,,8.849830876666667,4.8152582100000005,
136,False,mp-2352,Na2O,Cubic,Fm-3m,225,3,0.0,-1.394608165,True,41.253952671138684,2.4947536447164014,1.8736000000000002,False,False,NM,0.0,,,,,,,0.41,,,,,,7.569727949437273,4.298061296568865,
137,False,mp-2400,NaS,Hexagonal,P6_3/mmc,194,8,0.0,-1.0037896839062501,True,174.63099763463234,2.094029042503947,1.2348,True,False,NM,0.0,,,,,,,,,,,,,8.226004266698167,4.141167703335849,
138,False,mp-559798,NiF2,Tetragonal,P4_2/mnm,136,6,0.0,-2.232239561666667,True,66.09767602083656,4.858200007945914,4.9116,True,False,FM,4.0012901,,,,,,,,,,,,,5.203943079999999,2.694541066666666,
139,False,mp-22313,Na2PtO2,Orthorhombic,Immm,71,5,0.0,-1.2766127039999986,True,67.43566226953892,6.7239004635808675,1.4632999999999998,False,False,NM,0.0,,,,,,,3.712,,,,,,9.249283165480952,4.774735579557255,
140,False,mp-9195,BaCuSeF,Tetragonal,P4/nmm,129,8,0.0,-2.2387968949609376,True,168.0810835441171,5.904545697556149,1.4265000000000003,True,False,NM,0.0,,,,,,,2.548,,,,,,15.17975794,9.18749105,
141,False,mp-9437,NbFeSb,Cubic,F-43m,216,3,0.0,-0.4020708866666685,True,52.43169450533423,8.567236262108185,0.5137999999999998,False,False,NM,0.0,,,,,,,0.274,,,,,2.2294890116153403,44.308691818908095,19.567617635574933,
142,False,mp-7738,LaSeF,Hexagonal,P6_3/mmc,194,6,0.0,-3.3499221988541663,True,126.93658909664725,6.19713697545978,1.7260999999999997,True,False,NM,0.0,,,,,,,,,,,,,21.24323641306492,14.93530318639825,
143,False,mp-27743,BiF5,Tetragonal,I4/m,87,6,0.0,-2.137601312083334,True,87.48976145342536,5.769338760918805,1.8137999999999999,False,False,NM,0.0,,,,,,,15.407,,,,,,5.957704384811632,3.491027871503046,
144,False,mp-8280,Ba(MgAs)2,Trigonal,P-3m1,164,5,0.0,-0.928578429000002,True,135.8389929674064,4.104683991764778,1.0689000000000002,False,False,NM,0.0,,,,,,,0.16,,,,,,17.001837113333597,7.537355980000263,
145,False,mp-605034,K2NiF6,Cubic,Fm-3m,225,9,0.0,-2.4642936791666665,True,128.12432984816914,3.2515037356313456,2.3603,False,False,NM,0.0,,,,,,,,,,,,,5.562441683337725,3.2665918300044177,
146,False,mp-30315,Ca3BN3,Tetragonal,P4/mmm,123,7,0.0,-1.2842448612500001,True,102.72464643001315,2.7975891823665715,0.5682,False,False,NM,0.0,,,,,,,11.981,,,,,,18.05829701333333,12.66959578,
147,False,mp-10572,NaPN2,Tetragonal,I-42d,122,8,0.0,-0.8581692201190485,True,85.20786980101154,3.1951484591346397,4.6812000000000005,False,False,NM,0.0,,,,,,,,,,,,1.4364376116963806,9.914919876658503,5.893589149991837,
148,False,mp-28171,K3IO,Cubic,Pm-3m,221,5,0.0,-1.4551150098499992,True,148.3913038780024,2.911695034511509,1.0284000000000002,True,False,NM,0.0,,,,,,,0.035,,,,,,9.736861789999997,6.480717979999998,
149,False,mp-552604,YBi2ClO4,Tetragonal,P4/mmm,123,8,0.0,-2.4590130762499998,True,137.6370782335932,7.314987307924014,1.3088000000000002,False,False,NM,0.0002284,,,,,,,,,,,,,28.20718283666666,22.712716329999992,
150,False,mp-7906,Al2HgS4,Tetragonal,I-4,82,7,0.0,-1.1057610517857215,True,159.27341271374962,3.9910997012314637,2.0244000000000004,False,False,NM,0.0,,,,,,,0.834,,,,,0.31717282670493707,10.617375053333335,4.913627760000001,
151,False,mp-23072,BiBrO,Tetragonal,P4/nmm,129,6,0.0,-1.5985196225000031,True,129.50609729692894,7.81849613632773,2.2251,False,False,NM,0.0,,,,,,,25.252,,,,,,46.77422330333332,40.869466609999996,
152,False,mp-8621,K2PtSe2,Orthorhombic,Immm,71,5,0.0,-1.077369765124999,True,135.22322684189265,5.295136483309631,0.9345000000000001,False,False,NM,0.0,,,,,,,1.622,,,,,,10.7128054033462,4.6622721866795365,
153,False,mp-15724,KNa2Sb,Cubic,Fm-3m,225,4,0.0,-0.5807917109374987,True,114.33950763074155,3.0038813223614054,0.6720999999999999,True,False,NM,0.0,,,,,,,0.52,,,,,,19.40667159333014,10.263400146663493,
154,False,mp-991652,VCu3Te4,Cubic,P-43m,215,8,0.0,-0.45333379958333353,True,204.87959917253636,6.094756833162131,0.5741000000000005,False,False,NM,0.0,,,,,,,,,,,,0.20728333333333335,12.251387433333335,0.9324990833333334,
155,False,mp-14116,CuRhO2,Trigonal,R-3m,166,4,0.0,-0.8207293849999999,True,46.91270234409874,7.024418962510328,0.6553000000000004,False,False,NM,0.0,,,,,,,1.706,,,,,,13.71177421999136,1.5541056866580247,
156,False,mp-9610,Li2CN2,Tetragonal,I4/mmm,139,5,0.0,-0.8249675768333333,True,57.538692897851924,1.555704178698644,3.7395,True,False,NM,0.0,,,,,,,2.382,,,,,,5.400318559995192,2.699087153328525,
157,False,mp-8177,HgF2,Cubic,Fm-3m,225,3,0.0,-1.574093817500002,True,42.88560780715456,9.238127499184847,0.9687,True,False,NM,9e-05,,,,,,,6.425,,,,,,12.360644775631561,8.520258382298156,
158,False,mp-1078746,Sr2FeH6,Cubic,Fm-3m,225,9,0.0,-0.6183834897222213,True,101.93585667503194,3.8628999208915555,1.3141999999999998,False,False,NM,0.0,,,,,,,,,,,,,11.01314809000001,6.6320317500000066,
159,False,mp-23475,Rb2PbCl6,Cubic,Fm-3m,225,9,0.0,-1.7062683794444449,True,271.38769042996114,3.6152541918420495,1.2605,True,False,NM,0.0,,,,,,,,,,,,,10.191866923342328,7.119809683342346,
160,False,mp-5175,NaInO2,Trigonal,R-3m,166,4,0.0,-1.9032396499999997,True,49.5053026102216,5.6957624171059935,1.9142000000000001,False,False,NM,0.0,,,,,,,0.519,,,,,,11.068864740301109,7.129718563634441,
161,False,mp-10322,BaHfN2,Tetragonal,P4/nmm,129,8,0.0,-1.5211241887500009,True,143.91670443254245,7.934364724872101,1.2537000000000003,False,False,NM,0.0,,,,,,,1.393,,,,,,29.961356996666666,22.692207909999993,
162,False,mp-7575,LiZnN,Cubic,F-43m,216,3,0.0,-0.4234695334722218,True,28.78282869116706,4.982091077680031,0.5187000000000004,True,False,NM,0.0,,,,,,,0.354,,,,,0.5736512204815225,19.86162860774732,9.379624037747336,
163,False,mp-8452,NaLiS,Tetragonal,P4/nmm,129,6,0.0,-1.4071292564930549,True,104.15187051878621,1.9768516175576771,2.2642,False,False,NM,0.0,,,,,,,0.23,,,,,,10.189343873333334,6.26845286,
164,False,mp-8751,RbLiS,Tetragonal,P4/nmm,129,6,0.0,-1.3446010244444437,True,141.37180095227257,2.9241136673067536,2.745,False,False,NM,0.0,,,,,,,,,,,,,8.906548703333335,5.141148503333334,
165,False,mp-2455,As2Os,Orthorhombic,Pnnm,58,6,0.0,-0.30389278500000216,True,102.41355313495791,11.02793169102378,0.6646999999999998,False,False,NM,0.0,,,,,,,0.467,,,,,,34.56743802666667,13.682410276666667,
166,False,mp-11739,KLaTe2,Trigonal,R-3m,166,4,0.0,-1.6992860963958334,True,157.2625322305681,4.574209595129336,1.7012999999999994,False,False,NM,0.0,,,,,,,,,,,,,13.361234783765909,7.24480022709924,
167,False,mp-643002,Mg2H6Os,Cubic,Fm-3m,225,9,0.0,-0.4356679886111105,True,73.03246264866269,5.568010147812302,3.3481,False,False,NM,0.0,,,,,,,0.006,,,,,,17.657646169999985,12.55958113999999,
168,False,mp-7041,CaHgO2,Trigonal,R-3m,166,4,0.0,-1.9014528043750012,True,69.84267344187121,6.482768359971849,2.125,False,False,NM,0.0,,,,,,,6.339,,,,,,7.966407933279474,3.836001663279473,
169,False,mp-697030,Mg2H6Ru,Cubic,Fm-3m,225,9,0.0,-0.4383720252777768,True,71.71444163241284,3.6058543311943576,3.0681000000000003,False,False,NM,0.0,,,,,,,0.007,,,,,,18.101570613333333,12.814337663333328,
170,False,mp-22958,KBrO3,Trigonal,R3m,160,5,0.0,-1.0588366599499992,True,83.95967616702733,3.3029052403686956,3.8569,True,False,NM,0.0,,,,,,,0.731,,,,,0.7328396729887546,6.9939709932353535,4.2436856965686856,
171,False,mp-1500,BaS,Cubic,Fm-3m,225,2,0.0,-2.329084296249999,True,67.12620118023263,4.190346371817915,2.1488,False,False,NM,0.0,,,,,,,0.561,,,,,,14.953045706679058,10.147174973344821,
172,False,mp-7939,NaNbSe2,Hexagonal,P6_3/mmc,194,8,0.0,-1.1840839107812489,True,163.87637439545435,5.549090460693393,0.5013999999999994,False,False,NM,0.0,,,,,,,0.128,,,,,,14.409966443334957,2.0573695566682875,
173,False,mp-4763,ZnSiP2,Tetragonal,I-42d,122,8,0.0,-0.3916568414880963,True,151.00927439980956,3.418565574455873,1.3641000000000005,True,False,NM,0.0,,,,,,,0.462,,,,,0.11634218559285751,12.41888436999372,1.8894018399937156,
174,False,mp-2176,ZnTe,Cubic,F-43m,216,6,0.0,-0.6841630333333328,True,171.17748428055455,5.616959252306423,1.0732999999999997,True,False,NM,0.0,,,,,,,0.641,,,,,0.11930999999999999,11.975580520000014,2.9583458200000003,
175,False,mp-766,As2Ru,Orthorhombic,Pnnm,58,6,0.0,-0.4567363066666677,True,101.2371077110571,8.23119467448224,0.44920000000000027,False,False,NM,0.0,,,,,,,0.508,,,,,,37.764724380000004,14.220590059999997,
176,False,mp-1069706,K2PdSe2,Orthorhombic,Immm,71,5,0.0,-1.0794668218375019,True,135.74832023191166,4.190073255187325,0.8458000000000001,False,False,NM,0.0,,,,,,,,,,,,,11.424931086666666,4.770178853333334,
177,False,mp-27420,NaBiF6,Trigonal,R-3,148,8,0.0,-2.487608622047414,True,122.81161659222799,4.677742127460289,2.7315,False,False,NM,0.0,,,,,,,,,,,,,4.25290203,2.1691787633333335,
178,False,mp-1067744,YTlSe2,Trigonal,R-3m,166,4,0.0,-1.616571717031249,True,116.66562810994584,6.422203633758221,1.2608000000000001,False,False,NM,0.0,,,,,,,,,,,,,24.25946673333333,16.268228346666664,
179,False,mp-30034,MgBr2,Trigonal,P-3m1,164,3,0.0,-1.9096522716666655,True,82.49849008386481,3.705847571975385,4.4707,True,False,NM,0.0,,,,,,,-10.024,,,,,,5.9156702733336575,2.8888839466669656,
180,False,mp-406,CdTe,Cubic,F-43m,216,2,0.0,-0.5607400050000031,True,70.71162283069633,5.636239502916919,0.5846000000000002,True,False,NM,0.0,,,,,,,0.765,,,,,0.008396666666666719,12.820171336666663,3.5108798066666655,
181,False,mp-8255,CaPtF6,Trigonal,R-3,148,8,0.0,-2.5414785181250004,True,115.96896756412698,4.9994515296421875,2.643,True,False,NM,0.0,,,,,,,11.744,,,,,,4.955122019992791,2.4946722699927903,
182,False,mp-571102,TlI,Cubic,Fm-3m,225,2,0.0,-0.8914677466666698,True,87.30510007495263,6.30107844672892,2.2085999999999997,True,False,NM,0.0,,,,,,,3.241,,,,,,17.55962235001222,10.140859746679086,
183,False,mp-827,KN3,Tetragonal,I4/mcm,140,8,0.0,-0.2211123337500016,True,130.91489535524028,2.0578295824103665,3.9394,True,False,NM,0.0,,,,,,,0.681,,,,,,6.207699163391546,3.7339808534061922,
184,False,mp-422,BeS,Cubic,F-43m,216,2,0.0,-1.3072513737499998,True,28.880721048437852,2.361792329991975,3.1453,False,False,NM,0.0,,,,,,,0.364,,,,,0.18253194425696073,7.257313020014327,1.9999548000157406,
185,False,mp-3744,NaNbO2,Hexagonal,P6_3/mmc,194,8,0.0,-2.520835330344827,True,88.2693972494368,5.564450391300988,1.3780999999999999,False,False,NM,0.0,,,,,,,0.455,,,,,,11.19524948333401,2.9915470300006746,
186,False,mp-14205,K3Cu3As2,Trigonal,R-3m,166,8,0.0,-0.29791358959375014,True,195.0745973899275,3.8967405698976885,1.2741,False,False,NM,0.0,,,,,,,3.581,,,,,,12.313787763488236,4.537284403488237,
187,False,mp-19734,MgPbF6,Trigonal,R-3,148,8,0.0,-2.855717254999999,True,107.8736429131504,5.318339359085512,3.0406,False,False,NM,0.0,,,,,,,4.929,,,,,,6.105156946661004,3.7029428599943377,
188,False,mp-697133,Cs2CaH4,Tetragonal,I4/mmm,139,7,0.0,-0.4416755450000015,True,164.2940837569623,3.132403541370342,3.0097,False,False,NM,0.0,,,,,,,0.348,,,,,,8.902740073333332,5.706750646666667,
189,False,mp-947,Au2S,Cubic,Pn-3m,224,6,0.0,-0.11802120760416794,True,146.69522383506134,9.644302410870814,1.9091,True,False,NM,0.0,,,,,,,0.32,,,,,,7.154380066666664,0.19153776666666664,
190,False,mp-19378,CrAgO2,Trigonal,R-3m,166,4,0.0,-1.6825837441666653,True,47.9865802322794,6.6392764695215885,1.6634000000000007,False,False,FM,3.0000001,,,,,,,,,,,,,10.155313976674258,3.0421734533409235,
191,False,mp-7233,La2SeO2,Trigonal,P-3m1,164,5,0.0,-3.489723551468752,True,103.64523915760147,6.22862512961434,2.4067,False,False,NM,0.0,,,,,,,,,,,,,16.758921036118775,11.315457149452106,
192,False,mp-24204,CaHI,Tetragonal,P4/nmm,129,6,0.0,-1.316824648749999,True,151.23982087527645,3.688904641710703,3.5271000000000003,False,False,NM,0.0,,,,,,,,,,,,,7.82517538,3.72452737,
193,False,mp-11327,Rb2Se,Cubic,Fm-3m,225,3,0.0,-1.2072880491145828,True,130.79024531122957,3.1727244289816974,1.7968,False,False,NM,0.0,,,,,,,0.109,,,,,,6.7940622396443855,3.479402959775355,
194,False,mp-7958,KLaO2,Trigonal,R-3m,166,4,0.0,-3.0024115518125,True,74.12803015588618,4.704259250354719,3.8596000000000004,True,False,NM,0.0,,,,,,,,,,,,,20.24702564333522,16.580532710001886,
195,False,mp-5693,NaCrS2,Trigonal,R-3m,166,4,0.0,-1.1918627540948261,True,71.22486759498263,3.2433522661926566,0.9908999999999994,False,False,FM,2.9999998,,,,,,,0.688,,,,,,13.525611063360763,4.971076250027428,
196,False,mp-27726,SO2,Orthorhombic,Aea2,41,6,0.0,-1.071398687604166,True,104.41966208548168,2.0375557731217753,2.8367999999999998,False,False,NM,0.0,,,,,,,1.402,,,,,0.1452696441359829,5.236407387126257,3.0646152504593105,
197,False,mp-578610,NaMoO2,Trigonal,R-3m,166,4,0.0,-1.886018084094827,True,47.2610994069084,5.302940234159042,2.3804999999999996,False,False,FM,3.0,,,,,,,,,,,,,9.585083603389016,5.51991370672235,
198,False,mp-10969,CdCN2,Trigonal,R-3m,166,4,0.0,-0.07085422937500052,True,53.243859006231816,4.754058841630003,2.3076,False,False,NM,0.0,,,,,,,1.367,,,,,,13.123269320012332,8.672809756679,
199,False,mp-7972,RbLaO2,Trigonal,R-3m,166,4,0.0,-2.9587612468749995,True,78.86248868556612,5.39820445582802,3.5220000000000002,True,False,NM,0.0,,,,,,,,,,,,,21.696391226426872,17.94604253642687,
200,False,mp-22939,BiClO,Tetragonal,P4/nmm,129,6,0.0,-1.7108279158333328,True,113.58578538575841,7.614664760301017,2.5681000000000003,False,False,NM,0.0,,,,,,,11.37,,,,,,48.954246273333325,43.293589139999995,
201,False,mp-626620,RbHO,Orthorhombic,Cmc2_1,36,6,0.0,-1.5111098420833322,True,93.34823255691279,3.645788863148711,3.3341000000000003,True,False,NM,0.0,,,,,,,0.395,,,,,0.4541399999999999,24.533483676666666,21.912049203333336,
202,False,mp-13277,BaLiP,Hexagonal,P6_3/mmc,194,6,0.0,-0.9094072093253972,True,155.10607242231285,3.75221662641956,0.9631000000000003,True,False,NM,0.0,,,,,,,0.088,,,,,,29.72374949666667,20.935747503333335,
203,False,mp-1018737,KMgP,Tetragonal,P4/nmm,129,6,0.0,-0.6289962922976192,True,149.25533260165312,2.0999825696036076,1.6589,False,False,NM,0.0,,,,,,,,,,,,,11.58977668,5.549117169999999,
204,False,mp-4524,ZnGeP2,Tetragonal,I-42d,122,8,0.0,-0.2751048914880947,True,158.9073890850488,4.179818738428334,1.1782000000000004,False,False,NM,0.0,,,,,,,0.452,,,,,0.030192689289964287,13.730712368164212,1.4519104532544833,
205,False,mp-6949,InF3,Trigonal,R-3c,167,8,0.0,-2.7649092743749994,True,115.11001891853095,4.957041087807601,4.0226,False,False,NM,0.0,,,,,,,,,,,,,6.102359677039959,3.82718523369151,
206,False,mp-1153,Li2S,Cubic,Fm-3m,225,3,0.0,-1.5254926603819439,True,45.579160174025624,1.6739401999019223,3.3862000000000005,False,False,NM,0.0,,,,,,,0.009,,,,,,7.422140673288237,3.5579684366205413,
207,False,mp-2784,Na2Te,Cubic,Fm-3m,225,3,0.0,-1.1278026200000018,True,95.90002973074063,3.0055841040984324,2.0282,True,False,NM,0.0,,,,,,,0.026,,,,,,7.884923626711653,3.5623814433551892,
208,False,mp-736,Li3P,Hexagonal,P6_3/mmc,194,8,0.0,-0.8093607869940476,True,116.35462957137251,1.4784207064425061,0.6996000000000002,False,False,NM,0.0,,,,,,,0.427,,,,,,11.410247835620714,4.536084373491154,
209,False,mp-8188,KScO2,Trigonal,R-3m,166,4,0.0,-3.090984386812499,True,54.885622347634005,3.511130091629651,3.6240999999999994,False,False,NM,0.0,,,,,,,0.642,,,,,,18.90612635314209,15.038986496475422,
210,False,mp-8348,TlSbF6,Trigonal,R-3m,166,8,0.0,-2.627806639791668,True,131.65596902052295,5.551280665031038,4.3334,False,False,NM,0.0,,,,,,,1.229,,,,,,12.656819403306834,10.3421632299735,
211,False,mp-9562,LiBeAs,Tetragonal,P4/nmm,129,6,0.0,-0.47837898361111125,True,86.07705830986724,3.50618686657558,1.0077000000000003,False,False,NM,0.0,,,,,,,1.792,,,,,,16.12053903666667,6.88968174,
212,False,mp-5878,KZnF3,Cubic,Pm-3m,221,5,0.0,-2.8150468122500003,True,66.30309275332023,4.044777029368843,3.6954000000000002,False,False,NM,0.0,,,,,,,0.022,,,,,,10.035900480000002,7.68615678,
213,False,mp-613910,BaNiF6,Trigonal,R-3m,166,8,0.0,-2.6448807993750005,True,107.75113969538981,4.777537182488796,0.4727,True,False,NM,0.0,,,,,,,,,,,,,11.898781646673,7.984025606672998,
214,False,mp-19,Te,Trigonal,P3_121,152,3,0.0,0.0,True,108.19281571621227,5.875199295688813,0.1856,False,False,NM,0.0,,,,,,,4.409,,,,,2.2004377330800575,164.2724788301944,45.85871873017502,
215,False,mp-1821,WSe2,Hexagonal,P6_3/mmc,194,6,0.0,-0.6036195060416674,True,131.12545319316163,8.65592175403535,1.4465,False,False,NM,0.0,,,,,,,83.368,,,,,,10.244209886466413,0.11110730646641355,
216,False,mp-4961,Na2HgO2,Tetragonal,I4/mmm,139,5,0.0,-1.2104522215000002,True,76.23003578649424,6.068127925222486,1.6474000000000002,False,False,NM,0.0,,,,,,,1.446,,,,,,7.198528083485677,3.5800759834856755,
217,False,mp-1182867,AlWO4,Orthorhombic,Cmmm,65,6,0.0,-2.679840881666666,True,59.466540248121035,7.674028352592433,2.9802999999999997,False,False,NM,0.0169542,,,,,,,,,,,,,20.151442235315713,15.52702899310548,
218,False,mp-571093,BaAlSiH,Trigonal,P3m1,156,4,0.0,-0.45983012531250056,True,85.61512097687623,3.7511077174063314,0.7092999999999998,False,False,NM,0.0,,,,,,,,,,,,0.5140156122142736,20.118148326640295,5.756788516640293,
219,False,mp-865427,KSrCO3F,Hexagonal,P-6m2,187,7,0.0,-2.780048338535714,True,116.57531031345,2.9304266932243848,4.1032,False,False,NM,0.0,,,,,,,,,,,,0.500695257727321,11.49652573997807,9.18636029997807,
220,False,mp-28069,Ca3AsCl3,Cubic,Pm-3m,221,7,0.0,-2.252943995714286,True,190.72247703498627,2.625158713508255,1.8439,True,False,NM,0.0,,,,,,,0.471,,,,,,11.241123970000002,6.779731129999999,
221,False,mp-24422,CaHBr,Tetragonal,P4/nmm,129,6,0.0,-1.5654780429166675,True,121.90359606998094,3.2961869626923037,4.1152,True,False,NM,0.0,,,,,,,14.023,,,,,,7.161610306666664,3.7099013133333325,
222,False,mp-841,Li2O2,Hexagonal,P6_3/mmc,194,8,0.0,-1.648018877916666,True,63.107895451231315,2.4144953737440713,1.9742999999999997,False,False,NM,0.0,,,,,,,0.552,,,,,,9.117499313347956,5.957602970014594,
223,False,mp-3056,NaTlO2,Trigonal,R-3m,166,4,0.0,-1.2404583075000026,True,53.61179233562066,8.033626613716947,0.6208,False,False,NM,1e-07,,,,,,,,,,,,,15.461027096665264,10.092192329998598,
224,False,mp-9631,AlAgO2,Hexagonal,P6_3/mmc,194,8,0.0,-2.302725737916666,True,87.85832335519181,6.30693839740901,1.4090999999999996,False,False,NM,0.0,,,,,,,5.696,,,,,,10.725074266660075,4.887411466660075,
225,False,mp-2624,AlSb,Cubic,F-43m,216,2,0.0,-0.25297548500000033,True,59.15180866014202,4.175546636123753,1.2255000000000003,False,False,NM,0.0,,,,,,,0.416,,,,,0.09824333333333339,13.325643436666676,1.3157438466666653,
226,False,mp-27703,InBrO,Orthorhombic,Pmmn,59,6,0.0,-1.691408038055555,True,132.47808183629036,5.282551075898691,1.9948,False,False,NM,0.0,,,,,,,,,,,,,7.486597766666665,3.743120106666666,
227,False,mp-4124,CaCN2,Trigonal,R-3m,166,4,0.0,-1.0711661843750004,True,58.33396811997632,2.280192324532608,3.5774,False,False,NM,0.0,,,,,,,3.622,,,,,,8.383152663356976,5.0354892366903075,
228,False,mp-24084,KH,Cubic,Fm-3m,225,2,0.0,-0.28957170124999987,True,45.63131357684779,1.4594797544514642,3.4330999999999996,True,False,NM,0.0,,,,,,,0.003,,,,,,8.320742176595665,5.598609636595669,
229,False,mp-22975,Rb2TeCl6,Cubic,Fm-3m,225,9,0.0,-1.681578633518519,True,272.0293137024736,3.120827546800409,2.6398,False,False,NM,0.0,,,,,,,0.086,,,,,,10.935910106677596,7.8205061166776355,
230,False,mp-16236,KAgSe,Tetragonal,P4/nmm,129,6,0.0,-0.8119760387534715,True,157.03071632481115,4.77817064343263,0.48219999999999996,True,False,NM,0.0,,,,,,,0.238,,,,,,18.24601704,11.16769715333333,
231,False,mp-9250,RbLiSe,Tetragonal,P4/nmm,129,6,0.0,-1.33745662939236,True,159.04830640169496,3.5783416200316043,2.3089,False,False,NM,0.0,,,,,,,,,,,,,8.974579539999999,4.87791475,
232,False,mp-5860,K2HgO2,Tetragonal,I4/mmm,139,5,0.0,-1.3370139584000014,True,106.7884172544058,4.832652372770474,2.0773,True,False,NM,0.0,,,,,,,,,,,,,6.878666243090248,3.832741309756914,
233,False,mp-7472,RbAuO2,Orthorhombic,Cmcm,63,8,0.0,-1.1340798043749993,True,173.2728540115488,6.02666313702595,1.4611,False,False,NM,0.0,,,,,,,5.538,,,,,,5.5215270933340435,1.947582996667376,
234,False,mp-13275,NaSrP,Hexagonal,P-62m,189,9,0.0,-0.9636403148809526,True,228.24213439099114,3.0902048673652276,1.2357,True,False,NM,0.0,,,,,,,,,,,,0.2716138454640298,18.46827177999928,10.60084254999928,
235,False,mp-10408,K2CN2,Monoclinic,C2/m,12,5,0.0,-0.6077258103999995,True,89.68931948665201,2.188778908730759,3.1433,True,False,NM,0.0106149,,,,,,,1.291,,,,,,7.279788346659559,4.605315683326226,
236,False,mp-28797,YHSe,Hexagonal,P-6m2,187,3,0.0,-1.6599602292708322,True,50.026080380129024,5.605506637517642,1.5072,False,False,NM,0.0,,,,,,,0.023,,,,,0.4640953899087225,14.673096466655744,5.837404919989074,
237,False,mp-20098,Ba2PbO4,Tetragonal,I4/mmm,139,7,0.0,-2.366581165714279,True,125.83651068209677,7.203059759468319,1.2232000000000003,False,False,NM,0.0,,,,,,,0.153,,,,,,36.20488806667521,31.01464450667521,
238,False,mp-7611,Li2CaGeO4,Tetragonal,I-42m,121,8,0.0,-2.602118375208333,True,90.90020994915852,3.4817825060824297,4.1135,False,False,NM,0.0,,,,,,,,,,,,1.7575299999999994,10.413889626666666,7.120014723333333,
239,False,mp-19886,ThSnPt,Cubic,F-43m,216,3,0.0,-1.1920333300000057,True,78.56960328715545,11.535955656033321,0.6738,True,False,NM,0.0,,,,,,,0.197,,,,,0.4897066666666663,27.95222060333332,2.303630923333333,
240,False,mp-4555,Ca(AsO3)2,Trigonal,P-31m,162,9,0.0,-2.22460733,True,103.84258688390635,4.572087029758825,3.3115,False,False,NM,0.0,,,,,,,,,,,,,10.65096686666516,7.023177719998494,
241,False,mp-623024,TiCdF6,Trigonal,R-3,148,8,0.0,-3.2788900110416668,True,114.35551400031169,3.982610097970301,4.3774,True,False,NM,0.0,,,,,,,5.496,,,,,,7.520502603333333,5.055518213333333,
242,False,mp-22898,KI,Cubic,Fm-3m,225,2,0.0,-1.6953124236249995,True,88.90698700144401,3.1004771845922225,3.8513,True,False,NM,0.0,,,,,,,1.27,,,,,,5.0310346065871805,1.9142443599205858,
243,False,mp-9821,RbSbF6,Trigonal,R-3,148,8,0.0,-2.909703090312499,True,125.51739941415602,4.249573400778451,4.8849,True,False,NM,0.0,,,,,,,,,,,,,5.919303743333562,3.9444942633335613,
244,False,mp-23710,MgH2,Tetragonal,P4_2/mnm,136,6,0.0,-0.2827190725000002,True,59.97280309933501,1.457555666854439,3.7097,False,False,NM,0.0,,,,,,,0.648,,,,,,10.336109383333332,6.3855002466666635,
245,False,mp-22951,BaIF,Tetragonal,P4/nmm,129,6,0.0,-3.1642716208333277,True,177.1239742090216,5.310565905908963,4.0263,True,False,NM,7e-07,,,,,,,,,,,,,10.45397147333333,6.804743753333331,
246,False,mp-5955,NaSbF6,Cubic,Fm-3m,225,8,0.0,-2.8646647357974135,True,141.361871001442,3.039349918240008,4.8892,True,False,NM,0.0,,,,,,,,,,,,,3.4682632766648354,1.735521479998172,
247,False,mp-12904,HoAgTe2,Tetragonal,P-42_1m,113,8,0.0,-1.112067171249997,True,235.9161346413421,7.432829220433802,0.8999000000000006,False,False,NM,0.0,,,,,,,,,,,,0.68695,20.124606493333335,8.87756618,
248,False,mp-8279,Ba(CdP)2,Trigonal,P-3m1,164,5,0.0,-0.5651984778571411,True,129.8405316603431,5.423798232384745,0.6835999999999998,True,False,NM,0.0,,,,,,,0.12,,,,,,24.388376983341193,11.441722203341198,
249,False,mp-7895,Rb2O2,Orthorhombic,Immm,71,4,0.0,-1.2308422024999999,True,88.54103940072844,3.8059243649929253,1.7600000000000002,False,False,NM,0.0,,,,,,,,,,,,,6.328597213333246,3.6705905733332833,
250,False,mp-24423,SrHBr,Tetragonal,P4/nmm,129,6,0.0,-1.632374942916666,True,130.98664970380585,4.273013638759492,3.8297000000000003,True,False,NM,0.0,,,,,,,,,,,,,10.24542313,6.383847160000001,
251,False,mp-1057286,CsH,Cubic,Fm-3m,225,2,0.0,-0.2522217793749988,True,65.00013874224075,3.4210452945750167,2.3475,True,False,NM,0.0,,,,,,,,,,,,,10.78337704999999,7.767607769999988,
252,False,mp-22916,NaBr,Cubic,Fm-3m,225,2,0.0,-1.8674453799999995,True,51.949789918521965,3.2889280951307467,4.0895,True,False,NM,0.0,,,,,,,0.191,,,,,,7.298129242725885,4.473558646120574,
253,False,mp-9361,RbLaS2,Trigonal,R-3m,166,4,0.0,-2.140519784375,True,123.4139264427513,3.881822452987726,2.6856999999999998,False,False,NM,0.0,,,,,,,,,,,,,13.27992145330524,8.67275064663857,
254,False,mp-29529,NaSnP,Hexagonal,P6_3mc,186,6,0.0,-0.3834682509920621,True,152.99095454013414,3.7483411397763238,0.5826000000000002,False,False,NM,0.0,,,,,,,1.123,,,,,0.5364639532158744,16.30611237333297,5.692349869999638,
255,False,mp-23251,KBr,Cubic,Fm-3m,225,2,0.0,-2.040195321875,True,71.51789670129197,2.7630562038282562,4.3224,True,False,NM,0.0,,,,,,,0.994,,,,,,4.828897389994891,2.0747777466615855,
256,False,mp-27294,Ca3AsBr3,Cubic,Pm-3m,221,7,0.0,-2.0899429460714294,True,208.78878557829066,3.4585891986416426,1.6726,True,False,NM,0.0,,,,,,,0.528,,,,,,11.419503879999999,6.409291350000003,
257,False,mp-553303,CsCu3O2,Trigonal,P-3m1,164,6,0.0,-0.8294528966666661,True,124.77345540897285,4.731709939199385,1.4572,False,False,NM,0.0,,,,,,,1.447,,,,,,9.243954546554034,4.659445350873025,
258,False,mp-665,SnSe2,Trigonal,P-3m1,164,3,0.0,-0.4238967693750008,True,82.9070527059618,5.5406012757769405,0.7018,False,False,NM,0.0,,,,,,,38.31,,,,,,23.896092006398703,9.0042721063987,
259,False,mp-5077,NaLi2Sb,Cubic,Fm-3m,225,4,0.0,-0.7055747683333333,True,78.45712262019325,3.3574293996032982,0.6796000000000002,False,False,NM,0.0,,,,,,,0.595,,,,,,17.48298960333039,8.223354503330436,
260,False,mp-7896,Cs2O2,Orthorhombic,Immm,71,4,0.0,-1.1552605474999993,True,105.42063966239483,4.690966106411125,1.6496,False,False,NM,0.0,,,,,,,,,,,,,7.8617028833333125,4.775990939999988,
261,False,mp-9570,Ca(CdP)2,Trigonal,P-3m1,164,5,0.0,-0.5474108918571424,True,112.57366457698613,4.821226034196599,0.8195999999999999,True,False,NM,0.0,,,,,,,0.091,,,,,,24.170470249970673,12.114477416637337,
262,False,mp-10623,ThSbRh,Cubic,F-43m,216,3,0.0,-1.178002269999998,True,75.43358353833311,10.053534084721216,0.7438000000000002,False,False,NM,2.7e-06,,,,,,,0.392,,,,,0.2359666666666668,27.74575827999995,7.456192749999999,
263,False,mp-546864,Y2C(NO)2,Trigonal,P-3m1,164,7,0.0,-2.4475727846428574,True,96.79611653458272,4.285916918373121,3.9661,False,False,NM,0.0,,,,,,,,,,,,,11.998314523333333,7.938874493333333,
264,False,mp-3810,Hg(AsO3)2,Trigonal,P-31m,162,9,0.0,-1.1611424402777761,True,103.82148084854546,7.140273720118076,0.7083000000000004,False,False,NM,0.0,,,,,,,,,,,,,14.478208820001077,9.343251783334408,
265,False,mp-252,BeTe,Cubic,F-43m,216,2,0.0,-0.5703619408333322,True,45.40050984281411,4.996636953414623,2.0172999999999996,False,False,NM,0.0,,,,,,,0.316,,,,,0.17114296882233396,8.498386386642004,1.0869289699773912,
266,False,mp-643279,K2H6Pt,Cubic,Fm-3m,225,9,0.0,-0.4815294355555548,True,133.8488644381673,3.4653671278540705,3.9976000000000003,False,False,NM,0.0,,,,,,,0.004,,,,,,5.944051909999999,3.2061970999999976,
267,False,mp-24292,Sr2H6Ru,Cubic,Fm-3m,225,9,0.0,-0.6912334919444447,True,109.73254399144821,4.272806178716852,2.2360999999999995,False,False,NM,0.0,,,,,,,0.235,,,,,,10.95132469,6.665149040000003,
268,False,mp-5621,NbCu3S4,Cubic,P-43m,215,8,0.0,-0.8472671887500001,True,164.67953723815498,4.1524118433614134,1.6574,False,False,NM,0.0,,,,,,,0.799,,,,,0.0034466666666666626,6.7183747933333295,0.32707051333333337,
269,False,mp-545399,NaNiIO6,Trigonal,P312,149,9,0.0,-1.0384168673754774,True,114.81056317021485,4.405288871699229,1.7121000000000002,False,False,NM,0.0,,,,,,,,,,,,0.794421401264883,9.248322799953648,4.062655829662035,
270,False,mp-10086,YSF,Tetragonal,P4/nmm,129,6,0.0,-3.332555401770835,True,97.18044711174419,4.783357557393636,1.3132000000000001,True,False,NM,0.0,,,,,,,0.102,,,,,,17.563756746666666,11.743995926666665,
271,False,mp-1550,AlP,Cubic,F-43m,216,2,0.0,-0.737248783988095,True,40.983457924417976,2.3481923106714797,1.6294000000000004,False,False,NM,0.0,,,,,,,0.518,,,,,0.0006200000000000649,10.412483389999991,2.2698645100000037,
272,False,mp-30247,Mg(HO)2,Trigonal,P-3m1,164,5,0.0,-2.0007833625000004,True,39.482893513421246,2.452761142206854,4.1796999999999995,True,False,NM,0.0,,,,,,,1.132,,,,,,7.111142526686305,4.503279330019638,
273,False,mp-999448,NaYSe2,Trigonal,R-3m,166,4,0.0,-1.99745390453125,True,101.9411470297647,4.395078823887412,1.8434,False,False,NM,0.0,,,,,,,,,,,,,14.898288053333333,8.937396013333332,
274,False,mp-1747,K2Te,Cubic,Fm-3m,225,3,0.0,-1.2220047158333334,True,136.9551271112786,2.4952208893631918,2.141,False,False,NM,0.0,,,,,,,0.0,,,,,,6.219474236520921,2.7445578265205994,
275,False,mp-1019089,KMgAs,Tetragonal,P4/nmm,129,6,0.0,-0.6617146915833336,True,160.2895460635227,2.8659872833192845,1.1621,False,False,NM,0.0,,,,,,,0.572,,,,,,12.343332969999997,5.462774466666665,
276,False,mp-1025396,NbTl3Se4,Cubic,I-43m,217,8,0.0,-0.8207629874218787,True,251.94227110221874,6.735267914865868,2.1041,True,False,NM,0.0,,,,,,,1.486,,,,,0.19552000000000005,22.39563058,14.671672199999994,
277,False,mp-23009,Ca2BrN,Trigonal,R-3m,166,4,0.0,-1.6726480546874996,True,81.78438172411364,3.534226822416866,2.4254,True,False,NM,0.0,,,,,,,,,,,,,14.364290490378684,9.406485427045354,
278,False,mp-1541,BeSe,Cubic,F-43m,216,2,0.0,-1.0293878636718743,True,34.50577300165209,4.233530574088316,2.6636999999999995,False,False,NM,0.0,,,,,,,0.341,,,,,0.19981562818706083,7.722382403305772,1.7239071133053703,
279,False,mp-149,Si,Cubic,Fd-3m,227,2,0.0,0.0,True,40.32952684741405,2.312800253345134,0.6105,False,False,NM,0.0,,,,,,,0.227,1.3273739277139247,0.046483676566591,5.080957776573802,4.727598156108368,,13.003383160000025,0.0,
280,False,mp-626151,YHO2,Monoclinic,P2_1/m,11,8,0.0,-2.887640964687499,True,88.08202105842228,4.596638813978063,4.0468,False,False,NM,0.0,,,,,,,,,,,,,63.840432366666654,60.11326772666666,
281,False,mp-1591,Al4C3,Trigonal,R-3m,166,7,0.0,-0.09127430607143035,True,79.90244024318747,2.9917522501588767,1.3154000000000003,False,False,NM,0.0,,,,,,,0.206,,,,,,17.828700309990722,9.66265737665743,
282,False,mp-1001786,LiScS2,Trigonal,R-3m,166,4,0.0,-2.011990884322916,True,71.36198036372909,2.699858092095306,1.4856999999999996,False,False,NM,0.0,,,,,,,0.62,,,,,,21.14245008333333,14.305868839999995,
283,False,mp-8276,Sr(ZnP)2,Trigonal,P-3m1,164,5,0.0,-0.8104721311904768,True,102.37357470243802,4.547961890208605,0.8285999999999998,False,False,NM,0.0,,,,,,,0.275,,,,,,19.669346459975092,8.566367843308424,
284,False,mp-7914,NaScO2,Trigonal,R-3m,166,4,0.0,-3.1334799237500004,True,46.681725470193584,3.5551752636581395,3.9799999999999995,False,False,NM,0.0,,,,,,,0.713,,,,,,17.355658733333335,13.51508324666667,
285,False,mp-1080747,ScAlCO,Hexagonal,P6_3mc,186,8,0.0,-1.8823695050000007,True,92.53008536513671,3.5873048582491176,1.2166999999999994,False,False,NM,1e-07,,,,,,,,,,,,1.9114016081048877,21.2990585013646,13.522464568786091,
286,False,mp-22964,PbClF,Tetragonal,P4/nmm,129,6,0.0,-1.9836448133333324,True,122.23316187538651,7.109075314393839,3.5519,True,False,NM,0.0,,,,,,,0.351,,,,,,67.38729919333332,62.86651606333333,
287,False,mp-23860,SrHCl,Tetragonal,P4/nmm,129,6,0.0,-1.8175622604166628,True,117.81682200616075,3.4976541512837023,4.044700000000001,False,False,NM,0.0,,,,,,,0.307,,,,,,9.760248523333333,6.25120081,
288,False,mp-1207108,BaAlGeH,Trigonal,P3m1,156,4,0.0,-0.5559276915625002,True,87.31759892995997,4.5252736413746,0.7492999999999999,False,False,NM,0.0,,,,,,,,,,,,0.557706999663252,20.824915116666666,5.778497593333334,
289,False,mp-23879,Ca(HO)2,Trigonal,P-3m1,164,5,0.0,-2.0215482794999993,True,53.49480217954681,2.2999204535077835,4.1119,True,False,NM,0.0,,,,,,,2.773,,,,,,8.480348646666668,5.832389796666667,
290,False,mp-23052,ZrIN,Orthorhombic,Pmmn,59,6,0.0,-1.6366629466666656,True,150.08224688063964,5.136777020980983,1.2172,True,False,NM,0.0,,,,,,,34.848,,,,,,16.19308409,10.328985626666666,
291,False,mp-23070,BaBrF,Tetragonal,P4/nmm,129,6,0.0,-3.45174053083333,True,154.48683646189625,5.078337568132607,4.8824,True,False,NM,0.0,,,,,,,,,,,,,9.66224997,6.4832383600000005,
292,False,mp-3614,KTaO3,Cubic,Pm-3m,221,5,0.0,-3.0690062274166685,True,63.7546200303669,6.981426041917768,2.0995,False,False,NM,0.0,,,,,,,0.378,,,,,,8.810066896666672,3.328901386666668,
293,False,mp-24721,RbH,Cubic,Fm-3m,225,2,0.0,-0.23546975937499992,True,54.22068808663736,2.648368171825792,2.9163,True,False,NM,0.0,,,,,,,0.041,,,,,,8.877960623304409,6.079212273304581,
294,False,mp-22909,ZnCl2,Tetragonal,I-42d,122,6,0.0,-1.2910119266666673,True,154.69685573005597,2.926450984350554,4.0533,True,False,NM,0.0,,,,,,,2.212,,,,,0.11219388999617137,5.197183979779338,2.3309001497797324,
295,False,mp-1080438,SrAgTeF,Tetragonal,P4/nmm,129,8,0.0,-2.160748766458333,True,188.27367349055643,6.034281461051804,1.2846999999999995,True,False,NM,0.0025533,,,,,,,,,,,,,15.605032396666667,9.333433923333333,
296,False,mp-2068,RhF3,Trigonal,R-3c,167,8,0.0,-1.7764090943749995,True,93.24210571822658,5.695310568602026,0.8625999999999999,False,False,NM,0.0,,,,,,,4.577,,,,,,9.672385226797418,1.0672811300193163,
297,False,mp-27193,RbIO3,Trigonal,R3m,160,5,0.0,-1.3800771659999966,True,92.30058405320739,4.684210199306742,2.8369,True,False,NM,0.0,,,,,,,,,,,,1.0901809142584604,8.74922013000486,5.359182760004859,
298,False,mp-23856,LiHO,Tetragonal,P4/nmm,129,6,0.0,-1.777478480694444,True,52.04577265552795,1.5281607754552433,4.0057,True,False,NM,0.0,,,,,,,11.815,,,,,,5.197623373333332,2.9570220233333324,
299,False,mp-16763,KYTe2,Trigonal,R-3m,166,4,0.0,-1.6025694026458348,True,142.92997494795227,4.452008487302704,1.2981000000000003,False,False,NM,0.0,,,,,,,,,,,,,13.637530366583734,7.1007474932504016,
300,False,mp-558749,RbMnF3,Cubic,Pm-3m,221,5,0.0,-3.0149069225862006,True,75.81974583115912,4.323308649455128,2.9436999999999998,False,False,FM,5.0000009,,,,,,,,,,,,,9.062099983333333,6.730720003333335,
301,False,mp-13312,ScTlS2,Hexagonal,P6_3/mmc,194,8,0.0,-1.6159478783333245,True,186.21082110984122,5.59073709680138,0.9331000000000005,False,False,NM,0.0,,,,,,,0.084,,,,,,30.83532505332799,22.186077793327986,
302,False,mp-22946,CrClO,Orthorhombic,Pmmn,59,6,0.0,-2.022545195833333,True,98.0905816633612,3.5024825568005262,0.36880000000000024,False,False,FM,5.9999997,,,,,,,,,,,,,6.25696932,2.2131467466666668,
303,False,mp-985829,HfS2,Trigonal,P-3m1,164,3,0.0,-1.8063539318750017,True,69.47166295179909,5.79919885634548,1.2237,False,False,NM,0.0,,,,,,,,,,,,,26.671062876666657,19.865763159999997,
304,False,mp-2697,SrO2,Tetragonal,I4/mmm,139,3,0.0,-2.0991925866666676,True,41.98421694191871,4.7311038520642335,2.8495000000000004,False,False,NM,0.0,,,,,,,0.39,,,,,,16.545353889979513,13.272389670019782,
305,False,mp-4043,NbCu3Se4,Cubic,P-43m,215,8,0.0,-0.5960067795312494,True,181.82844767762958,5.4738474183337145,1.3604000000000003,False,False,NM,0.0,,,,,,,0.398,,,,,0.03306333333333333,7.720570293333334,0.36361967333333345,
306,False,mp-7173,ScSbPt,Cubic,F-43m,216,3,0.0,-1.2341720016666666,True,64.26132373260674,9.349058707043094,0.6440999999999999,False,False,NM,0.0,,,,,,,0.134,,,,,0.33227463347745223,21.42705440592174,2.556072385921742,
307,False,mp-8922,Cd(SbO3)2,Trigonal,P-31m,162,9,0.0,-1.5916943466666662,True,115.68757080803138,6.486808372977494,1.4136000000000006,False,False,NM,0.0,,,,,,,1.03,,,,,,11.288410910000371,7.044083353333703,
308,False,mp-2659,LiN3,Monoclinic,C2/m,12,4,0.0,-0.20582152572916712,True,42.087708451102685,1.9317235907049999,3.6364,False,False,NM,0.0,,,,,,,2.824,,,,,,10.00225155119927,7.239636834530988,
309,False,mp-23297,BrF3,Orthorhombic,Cmc2_1,36,8,0.0,-0.9191249956250003,True,125.08250317300545,3.634824695074091,2.211,False,False,NM,0.0,,,,,,,3.361,,,,,1.053630426931301,8.971004369994033,6.241981116660686,
310,False,mp-689925,Cs2NiF6,Cubic,Fm-3m,225,9,0.0,-2.4699439961111107,True,173.84570121701756,4.188413132692228,2.4357,False,False,NM,0.0,,,,,,,,,,,,,5.045738480423215,2.7876987073370554,
311,False,mp-28650,CsBr2F,Tetragonal,P4/mmm,123,4,0.0,-1.5471347143749998,True,133.61336510753063,3.873936656706023,1.7763,False,False,NM,0.0,,,,,,,,,,,,,5.954526430000001,2.4563822666666666,
312,False,mp-1190,ZnSe,Cubic,F-43m,216,2,0.0,-0.9515610311718761,True,45.44784771695639,5.274845268778988,1.1663,True,False,NM,0.0,,,,,,,0.769,,,,,0.057089999999999946,10.714932109999985,3.392992329999997,
313,False,mp-8041,Rb2S,Cubic,Fm-3m,225,3,0.0,-1.160430145833334,True,117.60616016832167,2.8662650524495095,1.9632,False,False,NM,0.0,,,,,,,,,,,,,6.614046333295685,3.436365156654612,
314,False,mp-23804,Mg2FeH6,Cubic,Fm-3m,225,9,0.0,-0.39694997083333305,True,64.16513438568785,2.859714273790479,1.9139999999999997,False,False,NM,0.0,,,,,,,0.012,,,,,,17.12751806334286,11.629273816676202,
315,False,mp-2172,AlAs,Cubic,F-43m,216,2,0.0,-0.6270427762500006,True,45.711095247398035,3.701817725841658,1.5036999999999998,False,False,NM,0.0,,,,,,,0.481,,,,,0.07633333333333349,11.537902879999983,2.0271057999999993,
316,False,mp-9127,Ba(SbO3)2,Trigonal,P-31m,162,9,0.0,-2.374010839444445,True,142.98032483777925,5.537944435702883,2.8606,False,False,NM,0.0,,,,,,,1.079,,,,,,9.935126326665435,6.489773219998767,
317,False,mp-8016,AlCuSe2,Tetragonal,I-42d,122,8,0.0,-0.7563341932812495,True,172.56789465764706,4.781385838476759,0.8921999999999999,True,False,NM,1e-07,,,,,,,0.687,,,,,0.1146113977718778,10.121075888980734,1.7425290132336582,
318,False,mp-570485,SrAlSiH,Trigonal,P3m1,156,4,0.0,-0.4586405203124997,True,76.91066305597447,3.1024453067826654,0.6256999999999993,False,False,NM,0.0,,,,,,,0.999,,,,,0.6956106363476683,19.681611870039777,6.444432326706445,
319,False,mp-2251,Li3N,Hexagonal,P6/mmm,191,4,0.0,-0.48250142218750014,True,43.49737902678387,1.3296451147630064,0.9840000000000001,False,False,NM,0.0,,,,,,,1.739,,,,,,10.693276079994908,4.691657119995036,
320,False,mp-1415,CaSe,Cubic,Fm-3m,225,2,0.0,-2.315957819531251,True,52.40874882176445,3.7716460296003667,2.0728000000000004,False,False,NM,0.0,,,,,,,0.259,,,,,,12.470253043107169,6.853277043107066,
321,False,mp-13984,CdPdF6,Trigonal,R-3,148,8,0.0,-1.949094384374999,True,107.07479783154635,5.1614663765447695,1.7751000000000001,True,False,NM,0.0,,,,,,,,,,,,,6.233873233332509,2.792807056665841,
322,False,mp-9166,MgCN2,Trigonal,R-3m,166,4,0.0,-0.7886389731250008,True,43.40437660646014,2.4610648054629407,3.7571,False,False,NM,0.0,,,,,,,6.33,,,,,,8.8628484966599,5.502846259993233,
323,False,mp-23870,NaH,Cubic,Fm-3m,225,2,0.0,-0.292902834375,True,27.18138268611537,1.4660451320125392,3.7666,False,False,NM,0.0,,,,,,,0.155,,,,,,10.339548976923139,7.207073396924595,
324,False,mp-3915,BaHgO2,Trigonal,R-3m,166,4,0.0,-1.9587872343750012,True,97.46807538236183,6.302162373093815,2.2727,False,False,NM,0.0,,,,,,,,,,,,,8.38165929667501,4.820428496675011,
325,False,mp-991676,NbCu3Te4,Cubic,P-43m,215,8,0.0,-0.502529962083333,True,212.9776307986598,6.1902071816352064,0.9169,False,False,NM,0.0,,,,,,,0.06,,,,,0.05857000000000001,10.280650780000006,0.4564059299999999,
326,False,mp-643260,Na2H4Pd,Tetragonal,I4/mmm,139,7,0.0,-0.3201156064285716,True,90.2060199924003,2.8796335601518908,2.2472000000000003,True,False,NM,0.0,,,,,,,1.189,,,,,,7.380521876666665,3.906918149999999,
327,False,mp-8409,KYO2,Trigonal,R-3m,166,4,0.0,-3.0732269005624993,True,64.0885718587318,4.145686844635891,3.9738999999999995,False,False,NM,0.0,,,,,,,0.832,,,,,,16.123656816657437,12.567523763324104,
328,False,mp-20015,As2PbO6,Trigonal,P-31m,162,9,0.0,-1.4271101249999987,True,114.43463048256831,6.573971107735893,2.1358,False,False,NM,0.0,,,,,,,,,,,,,19.878653479997457,15.35294976666412,
329,False,mp-23202,InI,Orthorhombic,Cmcm,63,4,0.0,-0.6777437908333321,True,151.11957846985396,5.312211809671207,1.3412000000000002,True,False,NM,0.0,,,,,,,1.285,,,,,,43.326694138885166,34.86844140888138,
330,False,mp-9125,Ca(SbO3)2,Trigonal,P-31m,162,9,0.0,-2.3680783427777774,True,120.22267125254261,5.243032151053256,2.6942999999999997,False,False,NM,0.0,,,,,,,0.878,,,,,,9.794051633324514,6.211726673324514,
331,False,mp-556417,Rb2NiF6,Cubic,Fm-3m,225,9,0.0,-2.3913770755555563,True,146.02450925512437,3.9075184880580487,2.4215999999999998,False,False,NM,0.0,,,,,,,,,,,,,5.2092444566671245,2.968572150000479,
332,False,mp-7863,Rb2Sn2O3,Trigonal,R-3m,166,7,0.0,-1.7185912325000001,True,163.00732696593104,4.648829762417636,1.2195999999999998,True,False,NM,0.0,,,,,,,,,,,,,11.900495516952484,7.208940030285814,
333,False,mp-1086652,BaAgSF,Tetragonal,P4/nmm,129,8,0.0,-2.250413799166666,True,174.53310087318576,5.637314434554091,1.4324,True,False,NM,1.67e-05,,,,,,,,,,,,,20.206197613333334,15.146809616666667,
334,False,mp-23033,Sr2NCl,Trigonal,R-3m,166,4,0.0,-1.6405721353125013,True,92.38896942904702,4.038605825015194,1.9398000000000004,True,False,NM,0.0,,,,,,,0.297,,,,,,15.967914632990732,11.298474039657394,
335,False,mp-22903,RbI,Cubic,Fm-3m,225,2,0.0,-1.7211735837500006,True,100.58221792977244,3.506111301341046,3.7765,True,False,NM,0.0,,,,,,,,,,,,,5.688231480184913,2.979585160187965,
336,False,mp-27828,Cs2TiCl6,Cubic,Fm-3m,225,9,0.0,-2.0636352868518517,True,277.04734215873464,3.155059911230977,2.2291,False,False,NM,0.0,,,,,,,0.995,,,,,,8.653849300003928,5.674528926670598,
337,False,mp-553243,YBi2BrO4,Tetragonal,P4/mmm,123,8,0.0,-2.419003891250002,True,138.96068058286153,7.776488269165777,1.3399999999999999,False,False,NM,0.0,,,,,,,2.045,,,,,,26.37668197333333,20.542487836666663,
338,False,mp-1087,SrS,Cubic,Fm-3m,225,2,0.0,-2.4245093739062504,True,55.30731406084619,3.593405710633063,2.497,False,False,NM,0.0,,,,,,,0.351,,,,,,11.869142580037469,7.223597866705018,
339,False,mp-7608,Li2PdO2,Orthorhombic,Immm,71,5,0.0,-1.6306116983333347,True,51.326965807119315,4.927262391172839,1.1973000000000003,False,False,NM,0.0,,,,,,,1.602,,,,,,11.774395775500656,6.337269373400342,
340,False,mp-3104,BaZrN2,Tetragonal,P4/nmm,129,8,0.0,-1.4238643600000014,True,147.38682252456016,5.781184531986169,0.9972000000000003,False,False,NM,0.0,,,,,,,1.359,,,,,,33.447679380000004,25.710880056666678,
341,False,mp-20289,NaInS2,Trigonal,R-3m,166,4,0.0,-1.0899044539062483,True,83.6359557073411,4.009346842222601,1.8377,False,False,NM,0.0,,,,,,,,,,,,,16.00155775666667,10.117251470000001,
342,False,mp-9573,NaBeAs,Hexagonal,P6_3/mmc,194,6,0.0,-0.3796838329597693,True,111.66173289766867,3.180153655733842,1.2874000000000003,False,False,NM,0.0,,,,,,,2.536,,,,,,12.611182030000355,4.382274770000354,
343,False,mp-762,PtS2,Trigonal,P-3m1,164,3,0.0,-0.4394137552083303,True,61.04357903464705,7.051273539602691,1.5467000000000004,False,False,NM,0.0,,,,,,,-280.423,,,,,,10.895142393333074,0.7522985566664367,
344,False,mp-21276,PbS,Cubic,Fm-3m,225,8,0.0,-0.7835693762499978,True,213.4355962686329,7.445972212994699,0.46669999999999945,True,False,NM,0.0,,,,,,,,,,,,,323.7562706506478,307.36097910782564,
345,False,mp-23056,Sr2BrN,Trigonal,R-3m,166,4,0.0,-1.5406141096875015,True,98.44161153036073,4.540104994267548,1.8455,False,False,NM,0.0,,,,,,,0.334,,,,,,15.803764950309414,10.823399063642748,
346,False,mp-22936,Ca2NCl,Trigonal,R-3m,166,4,0.0,-1.7965876303125015,True,76.19094355059087,2.8249017988836345,2.371,True,False,NM,0.0,,,,,,,0.272,,,,,,14.075004621907256,9.470358088573924,
347,False,mp-8256,ZnPtF6,Trigonal,R-3,148,8,0.0,-2.034793488125,True,97.61516823738953,6.370365985164173,2.0919,True,False,NM,0.0,,,,,,,4.268,,,,,,6.064428256667566,2.7899622100009,
348,False,mp-30031,CaI2,Trigonal,P-3m1,164,3,0.0,-1.9281754366666668,True,128.07184962611453,3.810445046731192,3.8971,False,False,NM,0.0,,,,,,,64.672,,,,,,5.369542460000001,2.13245274,
349,False,mp-568346,HfBrN,Orthorhombic,Pmmn,59,6,0.0,-2.0103288845833305,True,130.04308186387354,6.956648483503007,2.1298000000000004,True,False,NM,0.0,,,,,,,36.443,,,,,,14.147854700000002,9.364728543333333,
350,False,mp-5782,AlAgS2,Tetragonal,I-42d,122,8,0.0,-0.9035221214062492,True,169.43391449112184,3.900206524762423,1.8992,True,False,NM,3e-07,,,,,,,0.633,,,,,0.2938698214459867,8.436321743331385,2.6727826866647177,
351,False,mp-1025549,Tl3VSe4,Cubic,I-43m,217,8,0.0,-0.6548193320312485,True,240.8287075886151,6.756729247858803,1.5636,False,False,NM,0.0,,,,,,,1.807,,,,,0.23125999999999988,23.776739049999993,15.093366559999994,
352,False,mp-5488,LiInO2,Tetragonal,I4_1/amd,141,8,0.0,-2.059200699999999,True,87.12220979913899,5.861211148870394,1.8142999999999998,False,False,NM,0.0,,,,,,,,,,,,,24.538772889940844,20.133554959194154,
353,False,mp-31454,TaSbRu,Cubic,F-43m,216,3,0.0,-0.46037054744444106,True,58.393621173012605,11.482229231551786,0.665,False,False,NM,0.0,,,,,,,0.004,,,,,1.1251532211019457,32.089658374164856,12.518007897498414,
354,False,mp-1068941,K2PdS2,Orthorhombic,Immm,71,5,0.0,-1.0683258326249998,True,121.035042309117,3.412676519986726,1.117,False,False,NM,0.0,,,,,,,,,,,,,10.187615410000001,4.585355113333335,
355,False,mp-31451,ZrCoBi,Cubic,F-43m,216,3,0.0,-0.4291300666666693,True,59.23918516043565,10.067019071365685,0.9771999999999998,False,False,NM,0.0,,,,,,,0.318,,,,,0.6728964903639909,30.773960390384815,9.83447019371827,
356,False,mp-19833,InAgS2,Tetragonal,I-42d,122,8,0.0,-0.5591274251562499,True,196.588378662141,4.845347505025015,0.37729999999999997,True,False,NM,0.0,,,,,,,0.992,,,,,0.2655741297707502,13.083181726661493,3.7532871599948288,
357,False,mp-561947,CsHgF3,Cubic,Pm-3m,221,5,0.0,-2.250120333931038,True,97.04743386104975,6.681526473864588,0.7228,False,False,NM,0.0,,,,,,,,,,,,,14.94040212000001,11.760365630000011,
358,False,mp-8291,BaTiF6,Trigonal,R-3m,166,8,0.0,-3.9765919360416664,True,114.79000509228533,4.327967542123751,4.3236,False,False,NM,0.0,,,,,,,0.517,,,,,,13.374706560004334,10.779887790004333,
359,False,mp-8299,Sr4As2O,Tetragonal,I4/mmm,139,7,0.0,-1.8316151099999993,True,192.89810551874788,4.4446981268313,1.1923999999999997,False,False,NM,0.0,,,,,,,0.124,,,,,,95.21990531084992,87.2902421575166,
360,False,mp-27869,Ba2PCl,Trigonal,R-3m,166,4,0.0,-1.8174295736607151,True,143.76163475300902,3.939701514522755,1.2602000000000002,True,False,NM,0.0,,,,,,,,,,,,,17.003209933854105,11.559258487187437,
361,False,mp-557257,KVF3,Cubic,Pm-3m,221,5,0.0,-3.0708366792499993,True,70.41227003340603,3.467540209722954,2.0758999999999994,False,False,FM,2.9999995,,,,,,,,,,,,,8.589164989999995,6.3280014899999975,
362,False,mp-13903,ZnSnF6,Trigonal,R-3,148,8,0.0,-2.649686483750001,True,105.40274227875933,4.696484417775841,3.7147,True,False,NM,0.0,,,,,,,5.095,,,,,,6.302101780000872,3.976137696667538,
363,False,mp-14115,LiRhO2,Trigonal,R-3m,166,4,0.0,-1.5536735695833324,True,37.46631942068893,6.286704050612769,1.5152999999999999,False,False,NM,0.0,,,,,,,1.235,,,,,,37.42977026646019,29.846222503126853,
364,False,mp-3332,NaCrSe2,Trigonal,R-3m,166,4,0.0,-1.0395107340167025,True,82.74373277808579,4.674061488343939,0.7807999999999997,False,False,FM,2.9999998,,,,,,,,,,,,,15.535774760046095,4.99674032337943,
365,False,mp-315,PbF2,Cubic,Fm-3m,225,3,0.0,-2.5455925750000006,True,51.760896642451605,7.866148046956865,4.3938,False,False,NM,0.0,,,,,,,0.03,,,,,,22.984647713360392,19.5201492333604,
366,False,mp-7936,LiNbS2,Hexagonal,P6_3/mmc,194,8,0.0,-1.5539668133333349,True,127.4225028000824,4.273826671822952,0.7134999999999998,False,False,NM,0.0,,,,,,,0.208,,,,,,15.483144276665458,3.477127953332125,
367,False,mp-22885,XeF2,Tetragonal,I4/mmm,139,3,0.0,-0.783393028333335,True,63.94612513967291,4.396080864795752,2.6861999999999995,False,False,NM,0.0,,,,,,,,,,,,,3.322148956666666,0.8937825233333331,
368,False,mp-9915,LiBeP,Tetragonal,P4/nmm,129,6,0.0,-0.5810539359920638,True,77.87865037435365,2.0011652336957226,1.1585,False,False,NM,0.0,,,,,,,,,,,,,15.240585836666668,6.96592382,
369,False,mp-7928,K2PtS2,Orthorhombic,Immm,71,5,0.0,-1.1103009486249988,True,120.87900027423865,4.635077073055109,1.2355999999999998,False,False,NM,0.0,,,,,,,1.596,,,,,,9.940057533246959,4.609555373247058,
370,False,mp-14091,AlAgSe2,Tetragonal,I-42d,122,8,0.0,-0.8526771690885333,True,196.76109454324234,4.941582476882666,1.1351999999999998,True,False,NM,0.0,,,,,,,0.744,,,,,0.22472085420975954,9.700932379998548,2.6557224566652144,
371,False,mp-30373,RbAu,Cubic,Pm-3m,221,2,0.0,-0.2738158937500006,True,69.15290983490364,6.781974968149559,0.3698999999999999,False,False,NM,0.0,,,,,,,,,,,,,9.82916724,4.5361754166666675,
372,False,mp-1115,PtSe2,Trigonal,P-3m1,164,3,0.0,-0.4639161260416671,True,69.64917003734249,8.416136651043896,0.6193,False,False,NM,0.0,,,,,,,98.285,,,,,,15.999091763327414,0.717763489996258,
373,False,mp-24012,HoHSe,Hexagonal,P-6m2,187,3,0.0,-1.654941534270833,True,48.84804614782874,8.325064360643623,1.4981000000000004,False,False,NM,0.0,,,,,,,0.018,,,,,0.4931291964873649,14.361531776667514,5.588149876667512,
374,False,mp-13610,ZnPbF6,Trigonal,R-3,148,8,0.0,-2.2524090575000013,True,109.5381300865808,5.860639014004085,1.7555,True,False,NM,0.0,,,,,,,5.389,,,,,,7.552915763334194,4.644417026667527,
375,False,mp-5394,LaSF,Tetragonal,P4/nmm,129,6,0.0,-3.4534001451041667,True,114.13195763048722,5.5278248430274495,1.4880999999999993,True,False,NM,0.0,,,,,,,0.091,,,,,,18.81816321666667,13.265700620000004,
376,False,mp-5928,Al2CdS4,Tetragonal,I-4,82,7,0.0,-1.146683410178572,True,158.91384085527508,3.078721103895588,2.7262999999999997,False,False,NM,0.0,,,,,,,0.909,,,,,0.22580376717515505,8.232516483334537,3.2192466833345352,
377,False,mp-1180133,NaCaH6Ir,Cubic,F-43m,216,9,0.0,-0.6541170887643682,True,94.32958940891837,4.600387616413313,3.4213,False,False,NM,0.0,,,,,,,,,,,,0.06753999999999999,9.082702519999998,5.19344203,
378,False,mp-6980,ScCuS2,Trigonal,P3m1,156,4,0.0,-1.473687655156251,True,72.54168961050509,3.951686754982069,0.8709000000000007,False,False,NM,0.0,,,,,,,0.485,,,,,0.6821664710152714,20.74280092016438,10.220619696831049,
379,False,mp-9295,TaCu3Te4,Cubic,P-43m,215,8,0.0,-0.47451112924999794,True,211.6887727778828,6.918515284068941,1.1406999999999998,False,False,NM,0.0,,,,,,,0.006,,,,,0.06476,9.685128286666666,0.5507965366666667,
380,False,mp-1958,SrTe,Cubic,Fm-3m,225,2,0.0,-2.0176923,True,75.58435544653058,4.728243242961414,1.7616,False,False,NM,0.0,,,,,,,0.756,,,,,,12.399095029894653,6.501864873227926,
381,False,mp-1077553,Sr2BBrN2,Trigonal,R-3m,166,6,0.0,-1.637437411527778,True,132.631012945884,3.6804816739586266,2.4076,False,False,NM,0.0,,,,,,,,,,,,,8.243954586666666,4.698818269999999,
382,False,mp-3159,Al2CdSe4,Tetragonal,I-4,82,7,0.0,-1.0754883984821428,True,182.21741497767087,4.394395089806269,2.0046999999999997,True,False,NM,1.1e-06,,,,,,,0.868,,,,,0.14985775044718602,9.313653563331574,3.149980283331575,
383,False,mp-546500,NaCNO,Trigonal,R3m,160,4,0.0,-1.205405257844827,True,59.162130655695385,1.8245784368938673,4.4323,False,False,NM,0.0,,,,,,,1.509,,,,,0.22744519207933828,4.6101202399995485,2.4533059266662147,
384,False,mp-541837,Bi2Se3,Trigonal,R-3m,166,5,0.0,-0.689239791406252,True,151.77783048479455,7.164344933185313,0.3769,True,False,NM,0.0,,,,,,,32.911,,,,,,58.25106072057852,40.91492214375841,
385,False,mp-9124,LiZnAs,Cubic,F-43m,216,3,0.0,-0.5181909769444442,True,51.4734034663151,4.75100204634274,0.5518000000000001,True,False,NM,0.0,,,,,,,0.093,,,,,0.7856481900840189,21.903459312869085,6.614970252869258,
386,False,mp-15781,KLaS2,Trigonal,R-3m,166,4,0.0,-2.19022247859375,True,116.44263695445684,3.452967014010495,2.7005,False,False,NM,0.0,,,,,,,0.558,,,,,,13.25030682005585,8.606303833389184,
387,False,mp-7436,KCuTe,Hexagonal,P6_3/mmc,194,6,0.0,-0.7233970996388907,True,171.67185067239487,4.454191569724245,0.6037000000000003,True,False,NM,0.0,,,,,,,1.296,,,,,,12.047715839995343,3.074218263328676,
388,False,mp-27562,Na2Pd3O4,Orthorhombic,Immm,71,9,0.0,-1.0240799111111127,True,109.52441305840149,6.507818827884617,0.4208000000000003,False,False,NM,0.0,,,,,,,3.598,,,,,,13.564531806516493,3.7805531465165068,
389,False,mp-4026,KCrS2,Trigonal,R-3m,166,4,0.0,-1.1809625930624996,True,81.739739482668,3.1533765818301798,1.1644,False,False,FM,3.0000001,,,,,,,0.749,,,,,,11.63587575329806,3.892903766631394,
390,False,mp-10485,BaLiSb,Hexagonal,P6_3/mmc,194,6,0.0,-1.008913952777778,True,194.0495200516029,4.552960364879973,0.6946999999999997,False,False,NM,0.0,,,,,,,0.274,,,,,,23.987032113332408,13.544677133332414,
391,False,mp-28627,K4Br2O,Tetragonal,I4/mmm,139,7,0.0,-1.7225931423571426,True,218.16882853059852,2.5284642080323243,0.9912,True,False,NM,0.0,,,,,,,0.559,,,,,,11.21964858672857,8.52147453672857,
392,False,mp-2472,SrO,Cubic,Fm-3m,225,2,0.0,-2.9781328374999987,True,34.49840025661019,4.987595380591106,3.2748,False,False,NM,0.0,,,,,,,0.006,,,,,,18.04611267653627,14.148419776536281,
393,False,mp-23737,KMgH3,Cubic,Pm-3m,221,5,0.0,-0.34565612720000055,True,63.4304022052392,1.7389898850840848,2.458,False,False,NM,0.0,,,,,,,0.286,,,,,,9.449395466666667,5.898661116666667,
394,False,mp-7988,Cs2O,Trigonal,R-3m,166,3,0.0,-1.1154529983333343,True,102.22237851217304,4.577833402444146,0.5831999999999997,False,False,NM,0.0,,,,,,,1.867,,,,,,12.325556865442758,7.7168277487636034,
395,False,mp-8017,AlCuTe2,Tetragonal,I-42d,122,8,0.0,-0.42519420625000137,True,218.71279783515297,5.249753008760489,1.0186000000000002,True,False,NM,0.0,,,,,,,0.652,,,,,0.04743524027230269,11.698825069973717,1.64658759330705,
396,False,mp-19717,TePb,Cubic,Fm-3m,225,2,0.0,-0.5038298999999995,True,69.98911846195519,7.94335593467838,0.8063000000000002,True,False,NM,0.0,,,,,,,2.127,,,,,,379.8380929833336,353.6199668633335,
397,False,mp-5513,Tl3VS4,Cubic,I-43m,217,8,0.0,-0.8552032675000003,True,218.2765402821419,6.027814315155005,1.9554,True,False,NM,0.0,,,,,,,4.021,,,,,0.43189042045642423,23.38602107633721,16.006503163003877,
398,False,mp-644222,CdHClO,Hexagonal,P6_3mc,186,8,0.0,-1.4076048359374997,True,125.87677625018512,4.3498937482884354,2.4655,True,False,NM,0.0,,,,,,,,,,,,0.8605338251922469,8.770610113330171,5.218195519996838,
399,False,mp-1078419,Na3PSe4,Cubic,I-43m,217,8,0.0,-0.9075956167782735,True,192.4378532586137,3.58777661987503,1.1168999999999998,True,False,NM,0.0,,,,,,,,,,,,0.5999200000000003,12.796105279999999,7.628339540000003,
400,False,mp-11147,Na5CuSO2,Tetragonal,P4/mmm,123,9,0.0,-1.3142847082662839,True,171.9594898359751,2.3422848525138593,1.5205,False,False,NM,0.0192713,,,,,,,0.84,,,,,,9.29941738,5.858162453333333,
401,False,mp-22881,CdCl2,Trigonal,R-3m,166,3,0.0,-1.2745155149999998,True,78.67112972818981,3.8693360718682586,3.5244,False,False,NM,0.0,,,,,,,7.161,,,,,,6.343757106357764,3.3299908030244283,
402,False,mp-9244,LiBC,Hexagonal,P6_3/mmc,194,6,0.0,-0.3750804233333345,True,45.27148437558257,2.183366715678177,0.8471000000000002,False,False,NM,0.0,,,,,,,4.455,,,,,,17.135822220000794,5.467558903334127,
403,False,mp-4226,LiCrS2,Trigonal,P-3m1,164,4,0.0,-1.2521997970833327,True,63.143175552266875,3.2364182760179894,0.6463000000000001,False,False,FM,2.9999996,,,,,,,0.521,,,,,,17.601794580016715,7.363332476683382,
404,False,mp-2437,IrF3,Trigonal,R-3c,167,8,0.0,-1.4874485768749999,True,97.35761479811586,8.501165743894461,1.1410999999999998,False,False,NM,0.0,,,,,,,,,,,,,8.002335539998521,0.9102140700021515,
405,False,mp-28013,MnI2,Trigonal,P-3m1,164,3,0.0,-0.7401451926436776,True,107.54303416765337,4.767267673406124,1.1707999999999998,False,False,FM,5.0000003,,,,,,,24.752,,,,,,10.642402766660775,5.667631159994187,
406,False,mp-23465,Cs2TeCl6,Cubic,Fm-3m,225,9,0.0,-1.7204429284418892,True,294.2691896486404,3.4203401496334105,2.7815000000000003,False,False,NM,0.0,,,,,,,,,,,,,7.776898149999847,4.7688225566665725,
407,False,mp-2201,PbSe,Cubic,Fm-3m,225,2,0.0,-0.6725727545312452,True,59.05444982815671,8.046470006595401,0.42569999999999997,True,False,NM,0.0,,,,,,,1.58,,,,,,356.2772123733342,336.56289714333417,
408,False,mp-8298,Sr4P2O,Tetragonal,I4/mmm,139,7,0.0,-1.7465537358503391,True,185.36289596519035,3.8379830050716723,1.2134,False,False,NM,0.0,,,,,,,0.2,,,,,,54.776305069405105,47.488417186071764,
409,False,mp-634657,NaHS,Monoclinic,P2_1/m,11,6,0.0,-0.8100384871875003,True,101.43930152203131,1.8354684533914984,3.1576999999999997,True,False,NM,0.0,,,,,,,0.786,,,,,,8.76218819,5.4817905133333324,
410,False,mp-8278,Ba(MgP)2,Trigonal,P-3m1,164,5,0.0,-0.9180718758571423,True,126.38018259497746,3.2570133042670864,1.1366,False,False,NM,0.0,,,,,,,0.121,,,,,,16.31787536666531,7.901315949998641,
411,False,mp-9569,Ca(ZnP)2,Trigonal,P-3m1,164,5,0.0,-0.6998979558571431,True,95.13198596757287,4.064308802915232,0.875,False,False,NM,0.0,,,,,,,0.254,,,,,,20.22527238999508,9.10644215332841,
412,False,mp-588,GaF3,Trigonal,R-3c,167,8,0.0,-2.860848854375,True,91.53311636032312,4.597691979853057,4.7051,False,False,NM,0.0,,,,,,,,,,,,,6.717301466676498,4.4181509900100036,
413,False,mp-672,CdS,Hexagonal,P6_3mc,186,4,0.0,-0.776127461406249,True,102.03892478274858,4.702284793707707,1.125,True,False,NM,0.0,,,,,,,0.161,,,,,0.4237328998319776,9.982347543312724,3.9075695399793897,
414,False,mp-8622,Rb2PtSe2,Orthorhombic,Immm,71,5,0.0,-1.0745416579375013,True,147.51382838598647,5.8979024804526565,1.0034,False,False,NM,0.0,,,,,,,1.862,,,,,,10.153248643308903,4.276343133308935,
415,False,mp-10402,TiTl2F6,Trigonal,P-3m1,164,9,0.0,-3.0559675727777793,True,144.55330242051232,6.5549763329893365,3.8846000000000003,False,False,NM,0.0,,,,,,,1.284,,,,,,42.08191676664921,39.01665675998254,
416,False,mp-7801,CaGeN2,Tetragonal,I-42d,122,8,0.0,-0.8207689481250018,True,105.62708412224428,4.424811865995604,2.6621999999999995,True,False,NM,0.0,,,,,,,4.727,,,,,3.1306983683779688,15.751720530100158,10.132793660100157,
417,False,mp-5967,TiCoSb,Cubic,F-43m,216,3,0.0,-0.6587187822222234,True,50.222441895432794,7.557042599749188,1.0431999999999997,False,False,NM,0.0,,,,,,,0.089,,,,,1.0423870903290835,31.733318537611257,11.261675184277996,
418,False,mp-4081,TaCu3Se4,Cubic,P-43m,215,8,0.0,-0.595982887947919,True,182.050806442569,6.270214076156746,1.5980000000000003,False,False,NM,0.0,,,,,,,0.322,,,,,0.06318666666666667,7.297843586666663,0.3220258466666666,
419,False,mp-8393,Tl3SbS3,Trigonal,R3m,160,7,0.0,-0.5490391353571431,True,203.05250763868185,6.796676243705638,1.592,True,False,NM,0.0,,,,,,,,,,,,0.4783499845701309,21.35628061347072,12.648330086804052,
420,False,mp-7979,K2PdF6,Trigonal,P-3m1,164,9,0.0,-2.3095161280555567,True,129.11757828693635,3.8402874923866532,2.0399000000000003,False,False,NM,0.0,,,,,,,3.953,,,,,,8.766406849990576,6.302619489990577,
421,False,mp-545359,KNa2CuO2,Tetragonal,I4mm,107,6,0.0,-1.3335260725014362,True,105.47669337065449,2.843575562112736,1.5144,False,False,NM,2.46e-05,,,,,,,,,,,,0.5569881572349632,9.42193019,6.082157876666666,
422,False,mp-9565,Ca(MgSb)2,Trigonal,P-3m1,164,5,0.0,-0.7754999500000007,True,142.56862600204394,3.8693250942121313,0.7931000000000008,False,False,NM,0.0,,,,,,,0.087,,,,,,17.505046473334026,6.878335423334029,
423,False,mp-581024,CsK2Sb,Cubic,Fm-3m,225,4,0.0,-0.558875109375002,True,160.3521637304515,3.4469783762800636,0.8633999999999997,True,False,NM,0.0,,,,,,,0.595,,,,,,19.589805516675284,11.948899853341986,
424,False,mp-8277,Sr(CdP)2,Trigonal,P-3m1,164,5,0.0,-0.572113151857138,True,120.3419240902255,5.166017042088107,0.7109000000000001,True,False,NM,0.0,,,,,,,0.081,,,,,,22.42992027666483,10.399015989998167,
425,False,mp-804,GaN,Hexagonal,P6_3mc,186,4,0.0,-0.670049406875,True,45.72832358928343,6.0809768201203696,1.7264999999999997,True,False,NM,0.0,,,,,,,0.132,,,,,0.6194843056123386,10.860179653335564,4.913949990002228,
426,False,mp-9566,Sr(MgSb)2,Trigonal,P-3m1,164,5,0.0,-0.815541168,True,151.98170297497066,4.149115967237185,0.9813000000000001,False,False,NM,0.0,,,,,,,0.182,,,,,,16.354870000000613,6.20130755666728,
427,False,mp-2706,SnF4,Tetragonal,I4/mmm,139,5,0.0,-2.57337835,True,64.61203996332524,5.00391189700986,3.1149999999999998,False,False,NM,0.0,,,,,,,8.386,,,,,,8.021506608329824,5.637031291082921,
428,False,mp-241,CdF2,Cubic,Fm-3m,225,3,0.0,-2.4591480116666666,True,39.38870067731385,6.340854969929461,2.8977000000000004,False,False,NM,0.0,,,,,,,1.563,,,,,,9.02348245003954,6.220137826707,
429,False,mp-643370,Ba2MgH6,Trigonal,P-3m1,164,9,0.0,-0.5458185658333323,True,128.49410890931205,3.941623826893574,2.8864,False,False,NM,0.0,,,,,,,0.28,,,,,,15.535996870391799,10.679274315813025,
430,False,mp-23818,BaLiH3,Cubic,Pm-3m,221,5,0.0,-0.6094920114166662,True,64.54983172455981,3.789069851402205,2.2146,False,False,NM,0.0,,,,,,,0.015,,,,,,15.231927350000001,10.250593110000004,
431,False,mp-1522,FeS2,Orthorhombic,Pnnm,58,6,0.0,-0.8468357333333323,True,80.66959748929806,4.9392380950398245,0.8770000000000007,False,False,NM,0.0,,,,,,,0.323,,,,,,27.484519476666666,6.424651693333334,
432,False,mp-971,K2O,Cubic,Fm-3m,225,6,0.0,-1.2324437973333326,True,129.6009765025592,2.413811101405781,1.7072,False,False,NM,0.0,,,,,,,2.204,,,,,,9.240783873599,6.058907593599596,
433,False,mp-9321,Ba2HfS4,Tetragonal,I4/mmm,139,7,0.0,-2.2077809300000006,True,193.9978029565265,4.9765721093957715,0.8648000000000002,False,False,NM,0.0,,,,,,,0.533,,,,,,39.07376125068722,32.33035543735389,
434,False,mp-27702,InClO,Orthorhombic,Pmmn,59,6,0.0,-1.6229084508333333,True,122.27770773078213,4.515925264596758,2.3644999999999996,False,False,NM,0.0,,,,,,,,,,,,,7.1866057566666655,3.7205690599999994,
435,False,mp-1078677,Sr2H6Os,Cubic,Fm-3m,225,9,0.0,-0.6854521869444454,True,110.81119188134248,5.567303669214543,2.4354,False,False,NM,0.0,,,,,,,,,,,,,10.681768859999998,6.427226600000001,
436,False,mp-4586,LiAlTe2,Tetragonal,I-42d,122,8,0.0,-0.9251746466666662,True,240.8510256428608,3.986690686480764,2.4411,True,False,NM,0.0,,,,,,,0.829,,,,,0.060217065869707986,8.381678923342301,2.2370391133423024,
437,False,mp-12954,CuBS2,Tetragonal,I-42d,122,8,0.0,-0.5917289910416663,True,112.25620366222348,4.097111183417321,1.7424999999999997,True,False,NM,0.0,,,,,,,0.587,,,,,0.05812904437453511,9.64586189336952,1.2986187700361869,
438,False,mp-22877,VCl2,Trigonal,P-3m1,164,3,0.0,-1.6091676916666664,True,69.84758904925907,2.89677190969113,1.2559999999999998,False,False,FM,2.9999995,,,,,,,14.429,,,,,,5.177305259999279,1.2578778033326132,
439,False,mp-23703,LiH,Cubic,Fm-3m,225,2,0.0,-0.48936213770833303,True,16.207758213722748,0.8143955033141881,2.981,True,False,NM,0.0,,,,,,,0.105,,,,,,14.259639796665006,9.89621898333218,
440,False,mp-10616,BaLiAs,Hexagonal,P-6m2,187,3,0.0,-0.939694690277778,True,81.92486176553213,4.442764820697689,0.5928,True,False,NM,0.0,,,,,,,0.38,,,,,0.49695463770668413,25.1656778700968,14.909251550096798,
441,False,mp-2286,Li2Se,Cubic,Fm-3m,225,3,0.0,-1.4516769874652777,True,52.71669259653644,2.9244582774035073,2.9746,False,False,NM,0.0,,,,,,,0.036,,,,,,7.843691323353386,3.518697683352489,
442,False,mp-690794,Sr2HN,Trigonal,R-3m,166,4,0.0,-0.7582819718750002,True,79.3732125890664,3.980250414677526,1.8058,True,False,NM,0.0,,,,,,,0.529,,,,,,21.469284473348342,15.867164786681677,
443,False,mp-863745,RbSrCO3F,Hexagonal,P-6m2,187,7,0.0,-2.781829747142858,True,121.7221279524307,3.439093404000905,4.1259,False,False,NM,1.7e-06,,,,,,,,,,,,0.13262847946442655,7.8872284700226745,5.52227775335601,
444,False,mp-999460,NaScS2,Trigonal,R-3m,166,4,0.0,-2.001966637656251,True,80.19591520326138,2.7347630855933063,1.6789999999999998,False,False,NM,0.0,,,,,,,0.5,,,,,,16.492703806666665,10.480270529999999,
445,False,mp-23268,NaI,Cubic,Fm-3m,225,2,0.0,-1.475365545689655,True,66.68896277659789,3.7323303560221612,3.5686999999999998,True,False,NM,0.0,,,,,,,0.229,,,,,,8.361272759835579,5.028597816536732,
446,False,mp-1105,BaO2,Tetragonal,I4/mmm,139,3,0.0,-2.1673241850000005,True,50.806471622351985,5.534178952108108,2.2352,True,False,NM,0.0,,,,,,,0.231,,,,,,17.105401415164508,13.585525941831698,
447,False,mp-697038,Ba2H6Ru,Cubic,Fm-3m,225,9,0.0,-0.6514673119444454,True,131.25801509945663,4.829775326555091,1.8699000000000001,False,False,NM,0.0,,,,,,,0.475,,,,,,11.78959394333333,7.35967492333333,
448,False,mp-13660,Ca4Sb2O,Tetragonal,I4/mmm,139,7,0.0,-1.781139461071429,True,180.03450348543683,3.8722935192351278,0.9078999999999997,False,False,NM,0.0,,,,,,,0.135,,,,,,35.08782081015195,25.949228073485287,
449,False,mp-1065514,YTlTe2,Trigonal,R-3m,166,4,0.0,-1.2665843966666595,True,140.00285037879289,6.505493700428189,0.7266000000000004,False,False,NM,0.0,,,,,,,,,,,,,23.411711286666673,13.786225836666668,
450,False,mp-7439,K3Cu3P2,Trigonal,R-3m,166,8,0.0,-0.4072855196502978,True,184.7065539453757,3.3252793737043747,1.2892000000000001,False,False,NM,4e-07,,,,,,,3.982,,,,,,11.655870933364648,4.378155550031316,
451,False,mp-13276,SrLiP,Hexagonal,P6_3/mmc,194,6,0.0,-0.9761101559920627,True,133.068586195327,3.1330516461841467,1.3430999999999997,False,False,NM,0.0,,,,,,,0.142,,,,,,23.12897521666667,15.136906346666668,
